date,tnh_flow_{t-11},tnh_flow_{t-10},tnh_flow_{t-9},tnh_flow_{t-8},tnh_flow_{t-7},tnh_flow_{t-6},tnh_flow_{t-5},tnh_flow_{t-4},tnh_flow_{t-3},tnh_flow_{t-2},tnh_flow_{t-1},tnh_flow_{t},tnh_flow_{t+1},flow_{t+1}
1961-01-31,114.99402628434886,121.00893997445722,158.90083632019116,209.9922839506173,252.01612903225808,554.0123456790124,1080.1224611708485,1210.0507765830346,1010.0308641975308,787.037037,459.10493827160496,200.00746714456392,168.01075268817203,173.01373954599762
1961-02-28,121.00893997445722,158.90083632019116,209.9922839506173,252.01612903225808,554.0123456790124,1080.1224611708485,1210.0507765830346,1010.0308641975308,787.037037,459.10493827160496,200.00746714456392,168.01075268817203,160.135582,167.989417989418
1961-03-31,158.90083632019116,209.9922839506173,252.01612903225808,554.0123456790124,1080.1224611708485,1210.0507765830346,1010.0308641975308,787.037037,459.10493827160496,200.00746714456392,168.01075268817203,160.135582,231.00731780167263,241.0020908004779
1961-04-30,209.9922839506173,252.01612903225808,554.0123456790124,1080.1224611708485,1210.0507765830346,1010.0308641975308,787.037037,459.10493827160496,200.00746714456392,168.01075268817203,160.135582,231.00731780167263,469.9074074074074,476.8518518518519
1961-05-31,252.01612903225808,554.0123456790124,1080.1224611708485,1210.0507765830346,1010.0308641975308,787.037037,459.10493827160496,200.00746714456392,168.01075268817203,160.135582,231.00731780167263,469.9074074074074,635.8273596176822,673.9097968936678
1961-06-30,554.0123456790124,1080.1224611708485,1210.0507765830346,1010.0308641975308,787.037037,459.10493827160496,200.00746714456392,168.01075268817203,160.135582,231.00731780167263,469.9074074074074,635.8273596176822,784.5293209876543,834.104938271605
1961-07-31,1080.1224611708485,1210.0507765830346,1010.0308641975308,787.037037,459.10493827160496,200.00746714456392,168.01075268817203,160.135582,231.00731780167263,469.9074074074074,635.8273596176822,784.5293209876543,1649.8655913978494,1699.895459976105
1961-08-31,1210.0507765830346,1010.0308641975308,787.037037,459.10493827160496,200.00746714456392,168.01075268817203,160.135582,231.00731780167263,469.9074074074074,635.8273596176822,784.5293209876543,1649.8655913978494,1089.8297491039427,1099.910394265233
1961-09-30,1010.0308641975308,787.037037,459.10493827160496,200.00746714456392,168.01075268817203,160.135582,231.00731780167263,469.9074074074074,635.8273596176822,784.5293209876543,1649.8655913978494,1089.8297491039427,1060.1851851851852,1079.861111111111
1961-10-31,787.037037,459.10493827160496,200.00746714456392,168.01075268817203,160.135582,231.00731780167263,469.9074074074074,635.8273596176822,784.5293209876543,1649.8655913978494,1089.8297491039427,1060.1851851851852,1300.0298685782557,1310.110513739546
1961-11-30,459.10493827160496,200.00746714456392,168.01075268817203,160.135582,231.00731780167263,469.9074074074074,635.8273596176822,784.5293209876543,1649.8655913978494,1089.8297491039427,1060.1851851851852,1300.0298685782557,695.9876543209876,755.0154320987655
1961-12-31,200.00746714456392,168.01075268817203,160.135582,231.00731780167263,469.9074074074074,635.8273596176822,784.5293209876543,1649.8655913978494,1089.8297491039427,1060.1851851851852,1300.0298685782557,695.9876543209876,269.0038829151732,286.9997013142174
1962-01-31,168.01075268817203,160.135582,231.00731780167263,469.9074074074074,635.8273596176822,784.5293209876543,1649.8655913978494,1089.8297491039427,1060.1851851851852,1300.0298685782557,695.9876543209876,269.0038829151732,192.98835125448028,196.01254480286727
1962-02-28,160.135582,231.00731780167263,469.9074074074074,635.8273596176822,784.5293209876543,1649.8655913978494,1089.8297491039427,1060.1851851851852,1300.0298685782557,695.9876543209876,269.0038829151732,192.98835125448028,185.0198412698413,192.00562169312167
1962-03-31,231.00731780167263,469.9074074074074,635.8273596176822,784.5293209876543,1649.8655913978494,1089.8297491039427,1060.1851851851852,1300.0298685782557,695.9876543209876,269.0038829151732,192.98835125448028,185.0198412698413,201.9862604540024,205.01045400238948
1962-04-30,469.9074074074074,635.8273596176822,784.5293209876543,1649.8655913978494,1089.8297491039427,1060.1851851851852,1300.0298685782557,695.9876543209876,269.0038829151732,192.98835125448028,185.0198412698413,201.9862604540024,400.8487654320988,398.14814814814815
1962-05-31,635.8273596176822,784.5293209876543,1649.8655913978494,1089.8297491039427,1060.1851851851852,1300.0298685782557,695.9876543209876,269.0038829151732,192.98835125448028,185.0198412698413,201.9862604540024,400.8487654320988,576.0902031063322,576.836917562724
1962-06-30,784.5293209876543,1649.8655913978494,1089.8297491039427,1060.1851851851852,1300.0298685782557,695.9876543209876,269.0038829151732,192.98835125448028,185.0198412698413,201.9862604540024,400.8487654320988,576.0902031063322,1050.1543209876545,1140.0462962962963
1962-07-31,1649.8655913978494,1089.8297491039427,1060.1851851851852,1300.0298685782557,695.9876543209876,269.0038829151732,192.98835125448028,185.0198412698413,201.9862604540024,400.8487654320988,576.0902031063322,1050.1543209876545,1379.9283154121863,1490.068697729988
1962-08-31,1089.8297491039427,1060.1851851851852,1300.0298685782557,695.9876543209876,269.0038829151732,192.98835125448028,185.0198412698413,201.9862604540024,400.8487654320988,576.0902031063322,1050.1543209876545,1379.9283154121863,1099.910394265233,1239.9193548387098
1962-09-30,1060.1851851851852,1300.0298685782557,695.9876543209876,269.0038829151732,192.98835125448028,185.0198412698413,201.9862604540024,400.8487654320988,576.0902031063322,1050.1543209876545,1379.9283154121863,1099.910394265233,641.9753086419753,694.8302469135804
1962-10-31,1300.0298685782557,695.9876543209876,269.0038829151732,192.98835125448028,185.0198412698413,201.9862604540024,400.8487654320988,576.0902031063322,1050.1543209876545,1379.9283154121863,1099.910394265233,641.9753086419753,670.9229390681004,732.1535244922342
1962-11-30,695.9876543209876,269.0038829151732,192.98835125448028,185.0198412698413,201.9862604540024,400.8487654320988,576.0902031063322,1050.1543209876545,1379.9283154121863,1099.910394265233,641.9753086419753,670.9229390681004,415.89506172839504,456.0185185185185
1962-12-31,269.0038829151732,192.98835125448028,185.0198412698413,201.9862604540024,400.8487654320988,576.0902031063322,1050.1543209876545,1379.9283154121863,1099.910394265233,641.9753086419753,670.9229390681004,415.89506172839504,187.0146356033453,214.0083632019116
1963-01-31,192.98835125448028,185.0198412698413,201.9862604540024,400.8487654320988,576.0902031063322,1050.1543209876545,1379.9283154121863,1099.910394265233,641.9753086419753,670.9229390681004,415.89506172839504,187.0146356033453,130.00298685782556,141.98775388291517
1963-02-28,185.0198412698413,201.9862604540024,400.8487654320988,576.0902031063322,1050.1543209876545,1379.9283154121863,1099.910394265233,641.9753086419753,670.9229390681004,415.89506172839504,187.0146356033453,130.00298685782556,129.00958994708995,137.97949735449737
1963-03-31,201.9862604540024,400.8487654320988,576.0902031063322,1050.1543209876545,1379.9283154121863,1099.910394265233,641.9753086419753,670.9229390681004,415.89506172839504,187.0146356033453,130.00298685782556,129.00958994708995,179.99551971326164,212.320788530466
1963-04-30,400.8487654320988,576.0902031063322,1050.1543209876545,1379.9283154121863,1099.910394265233,641.9753086419753,670.9229390681004,415.89506172839504,187.0146356033453,130.00298685782556,129.00958994708995,179.99551971326164,272.9938271604938,283.9891975308642
1963-05-31,576.0902031063322,1050.1543209876545,1379.9283154121863,1099.910394265233,641.9753086419753,670.9229390681004,415.89506172839504,187.0146356033453,130.00298685782556,129.00958994708995,179.99551971326164,272.9938271604938,449.14874551971326,467.81660692951016
1963-06-30,1050.1543209876545,1379.9283154121863,1099.910394265233,641.9753086419753,670.9229390681004,415.89506172839504,187.0146356033453,130.00298685782556,129.00958994708995,179.99551971326164,272.9938271604938,449.14874551971326,648.9197530864197,675.1543209876543
1963-07-31,1379.9283154121863,1099.910394265233,641.9753086419753,670.9229390681004,415.89506172839504,187.0146356033453,130.00298685782556,129.00958994708995,179.99551971326164,272.9938271604938,449.14874551971326,648.9197530864197,1490.068697729988,1519.937275985663
1963-08-31,1099.910394265233,641.9753086419753,670.9229390681004,415.89506172839504,187.0146356033453,130.00298685782556,129.00958994708995,179.99551971326164,272.9938271604938,449.14874551971326,648.9197530864197,1490.068697729988,1139.8596176821984,1199.9701314217443
1963-09-30,641.9753086419753,670.9229390681004,415.89506172839504,187.0146356033453,130.00298685782556,129.00958994708995,179.99551971326164,272.9938271604938,449.14874551971326,648.9197530864197,1490.068697729988,1139.8596176821984,2219.9074074074074,2219.9074074074074
1963-10-31,670.9229390681004,415.89506172839504,187.0146356033453,130.00298685782556,129.00958994708995,179.99551971326164,272.9938271604938,449.14874551971326,648.9197530864197,1490.068697729988,1139.8596176821984,2219.9074074074074,1540.0985663082438,1630.077658303465
1963-11-30,415.89506172839504,187.0146356033453,130.00298685782556,129.00958994708995,179.99551971326164,272.9938271604938,449.14874551971326,648.9197530864197,1490.068697729988,1139.8596176821984,2219.9074074074074,1540.0985663082438,540.1234567901234,574.8456790123457
1963-12-31,187.0146356033453,130.00298685782556,129.00958994708995,179.99551971326164,272.9938271604938,449.14874551971326,648.9197530864197,1490.068697729988,1139.8596176821984,2219.9074074074074,1540.0985663082438,540.1234567901234,256.98178016726405,266.9877538829152
1964-01-31,130.00298685782556,129.00958994708995,179.99551971326164,272.9938271604938,449.14874551971326,648.9197530864197,1490.068697729988,1139.8596176821984,2219.9074074074074,1540.0985663082438,540.1234567901234,256.98178016726405,192.98835125448028,202.99432497013143
1964-02-29,129.00958994708995,179.99551971326164,272.9938271604938,449.14874551971326,648.9197530864197,1490.068697729988,1139.8596176821984,2219.9074074074074,1540.0985663082438,540.1234567901234,256.98178016726405,192.98835125448028,184.98563218390805,191.01213282247764
1964-03-31,179.99551971326164,272.9938271604938,449.14874551971326,648.9197530864197,1490.068697729988,1139.8596176821984,2219.9074074074074,1540.0985663082438,540.1234567901234,256.98178016726405,192.98835125448028,184.98563218390805,242.01015531660693,251.00806451612905
1964-04-30,272.9938271604938,449.14874551971326,648.9197530864197,1490.068697729988,1139.8596176821984,2219.9074074074074,1540.0985663082438,540.1234567901234,256.98178016726405,192.98835125448028,184.98563218390805,242.01015531660693,405.0925925925926,405.0925925925926
1964-05-31,449.14874551971326,648.9197530864197,1490.068697729988,1139.8596176821984,2219.9074074074074,1540.0985663082438,540.1234567901234,256.98178016726405,192.98835125448028,184.98563218390805,242.01015531660693,405.0925925925926,567.1296296296297,585.0507765830347
1964-06-30,648.9197530864197,1490.068697729988,1139.8596176821984,2219.9074074074074,1540.0985663082438,540.1234567901234,256.98178016726405,192.98835125448028,184.98563218390805,242.01015531660693,405.0925925925926,567.1296296296297,587.9629629629629,623.8425925925927
1964-07-31,1490.068697729988,1139.8596176821984,2219.9074074074074,1540.0985663082438,540.1234567901234,256.98178016726405,192.98835125448028,184.98563218390805,242.01015531660693,405.0925925925926,567.1296296296297,587.9629629629629,1820.116487455197,1810.0358422939069
1964-08-31,1139.8596176821984,2219.9074074074074,1540.0985663082438,540.1234567901234,256.98178016726405,192.98835125448028,184.98563218390805,242.01015531660693,405.0925925925926,567.1296296296297,587.9629629629629,1820.116487455197,1300.0298685782557,1410.1702508960575
1964-09-30,2219.9074074074074,1540.0985663082438,540.1234567901234,256.98178016726405,192.98835125448028,184.98563218390805,242.01015531660693,405.0925925925926,567.1296296296297,587.9629629629629,1820.116487455197,1300.0298685782557,1359.9537037037037,1410.1080246913575
1964-10-31,1540.0985663082438,540.1234567901234,256.98178016726405,192.98835125448028,184.98563218390805,242.01015531660693,405.0925925925926,567.1296296296297,587.9629629629629,1820.116487455197,1300.0298685782557,1359.9537037037037,1160.020908004779,1249.9999999999998
1964-11-30,540.1234567901234,256.98178016726405,192.98835125448028,184.98563218390805,242.01015531660693,405.0925925925926,567.1296296296297,587.9629629629629,1820.116487455197,1300.0298685782557,1359.9537037037037,1160.020908004779,540.8950617,584.8765432098766
1964-12-31,256.98178016726405,192.98835125448028,184.98563218390805,242.01015531660693,405.0925925925926,567.1296296296297,587.9629629629629,1820.116487455197,1300.0298685782557,1359.9537037037037,1160.020908004779,540.8950617,256.98178016726405,275.01493428912784
1965-01-31,192.98835125448028,184.98563218390805,242.01015531660693,405.0925925925926,567.1296296296297,587.9629629629629,1820.116487455197,1300.0298685782557,1359.9537037037037,1160.020908004779,540.8950617,256.98178016726405,186.00657108721623,197.99133811230587
1965-02-28,184.98563218390805,242.01015531660693,405.0925925925926,567.1296296296297,587.9629629629629,1820.116487455197,1300.0298685782557,1359.9537037037037,1160.020908004779,540.8950617,256.98178016726405,186.00657108721623,189.9801587301588,207.010582010582
1965-03-31,242.01015531660693,405.0925925925926,567.1296296296297,587.9629629629629,1820.116487455197,1300.0298685782557,1359.9537037037037,1160.020908004779,540.8950617,256.98178016726405,186.00657108721623,189.9801587301588,210.01344086021504,227.0011947431302
1965-04-30,405.0925925925926,567.1296296296297,587.9629629629629,1820.116487455197,1300.0298685782557,1359.9537037037037,1160.020908004779,540.8950617,256.98178016726405,186.00657108721623,189.9801587301588,210.01344086021504,347.9938271604938,349.99999999999994
1965-05-31,567.1296296296297,587.9629629629629,1820.116487455197,1300.0298685782557,1359.9537037037037,1160.020908004779,540.8950617,256.98178016726405,186.00657108721623,189.9801587301588,210.01344086021504,347.9938271604938,577.9569892473119,586.9175627240144
1965-06-30,587.9629629629629,1820.116487455197,1300.0298685782557,1359.9537037037037,1160.020908004779,540.8950617,256.98178016726405,186.00657108721623,189.9801587301588,210.01344086021504,347.9938271604938,577.9569892473119,824.8456790123457,866.1265432098766
1965-07-31,1820.116487455197,1300.0298685782557,1359.9537037037037,1160.020908004779,540.8950617,256.98178016726405,186.00657108721623,189.9801587301588,210.01344086021504,347.9938271604938,577.9569892473119,824.8456790123457,1440.0388291517324,1500.1493428912784
1965-08-31,1300.0298685782557,1359.9537037037037,1160.020908004779,540.8950617,256.98178016726405,186.00657108721623,189.9801587301588,210.01344086021504,347.9938271604938,577.9569892473119,824.8456790123457,1440.0388291517324,711.9922341696536,794.1308243727599
1965-09-30,1359.9537037037037,1160.020908004779,540.8950617,256.98178016726405,186.00657108721623,189.9801587301588,210.01344086021504,347.9938271604938,577.9569892473119,824.8456790123457,1440.0388291517324,711.9922341696536,964.8919753,996.141975308642
1965-10-31,1160.020908004779,540.8950617,256.98178016726405,186.00657108721623,189.9801587301588,210.01344086021504,347.9938271604938,577.9569892473119,824.8456790123457,1440.0388291517324,711.9922341696536,964.8919753,778.8231780167264,823.9994026284348
1965-11-30,540.8950617,256.98178016726405,186.00657108721623,189.9801587301588,210.01344086021504,347.9938271604938,577.9569892473119,824.8456790123457,1440.0388291517324,711.9922341696536,964.8919753,778.8231780167264,369.9845679012346,417.0524691358025
1965-12-31,256.98178016726405,186.00657108721623,189.9801587301588,210.01344086021504,347.9938271604938,577.9569892473119,824.8456790123457,1440.0388291517324,711.9922341696536,964.8919753,778.8231780167264,369.9845679012346,168.9814814814815,213.00029868578247
1966-01-31,186.00657108721623,189.9801587301588,210.01344086021504,347.9938271604938,577.9569892473119,824.8456790123457,1440.0388291517324,711.9922341696536,964.8919753,778.8231780167264,369.9845679012346,168.9814814814815,169.98954599761052,173.98446833930706
1966-02-28,189.9801587301588,210.01344086021504,347.9938271604938,577.9569892473119,824.8456790123457,1440.0388291517324,711.9922341696536,964.8919753,778.8231780167264,369.9845679012346,168.9814814814815,169.98954599761052,159.01951058201058,166.9973544973545
1966-03-31,210.01344086021504,347.9938271604938,577.9569892473119,824.8456790123457,1440.0388291517324,711.9922341696536,964.8919753,778.8231780167264,369.9845679012346,168.9814814814815,169.98954599761052,159.01951058201058,224.98506571087216,227.0011947431302
1966-04-30,347.9938271604938,577.9569892473119,824.8456790123457,1440.0388291517324,711.9922341696536,964.8919753,778.8231780167264,369.9845679012346,168.9814814814815,169.98954599761052,159.01951058201058,224.98506571087216,302.0061728395062,310.9953703703704
1966-05-31,577.9569892473119,824.8456790123457,1440.0388291517324,711.9922341696536,964.8919753,778.8231780167264,369.9845679012346,168.9814814814815,169.98954599761052,159.01951058201058,224.98506571087216,302.0061728395062,349.0143369175628,368.0182198327359
1966-06-30,824.8456790123457,1440.0388291517324,711.9922341696536,964.8919753,778.8231780167264,369.9845679012346,168.9814814814815,169.98954599761052,159.01951058201058,224.98506571087216,302.0061728395062,349.0143369175628,425.15432098765433,447.9166666666667
1966-07-31,1440.0388291517324,711.9922341696536,964.8919753,778.8231780167264,369.9845679012346,168.9814814814815,169.98954599761052,159.01951058201058,224.98506571087216,302.0061728395062,349.0143369175628,425.15432098765433,1049.8805256869773,1049.8805256869773
1966-08-31,711.9922341696536,964.8919753,778.8231780167264,369.9845679012346,168.9814814814815,169.98954599761052,159.01951058201058,224.98506571087216,302.0061728395062,349.0143369175628,425.15432098765433,1049.8805256869773,1689.8148148148148,1749.9253285543607
1966-09-30,964.8919753,778.8231780167264,369.9845679012346,168.9814814814815,169.98954599761052,159.01951058201058,224.98506571087216,302.0061728395062,349.0143369175628,425.15432098765433,1049.8805256869773,1689.8148148148148,2010.030864197531,2010.030864197531
1966-10-31,778.8231780167264,369.9845679012346,168.9814814814815,169.98954599761052,159.01951058201058,224.98506571087216,302.0061728395062,349.0143369175628,425.15432098765433,1049.8805256869773,1689.8148148148148,2010.030864197531,1350.0597371565111,1440.0388291517324
1966-11-30,369.9845679012346,168.9814814814815,169.98954599761052,159.01951058201058,224.98506571087216,302.0061728395062,349.0143369175628,425.15432098765433,1049.8805256869773,1689.8148148148148,2010.030864197531,1350.0597371565111,569.0586419753087,601.8518518518518
1966-12-31,168.9814814814815,169.98954599761052,159.01951058201058,224.98506571087216,302.0061728395062,349.0143369175628,425.15432098765433,1049.8805256869773,1689.8148148148148,2010.030864197531,1350.0597371565111,569.0586419753087,272.9988052568698,285.9916367980884
1967-01-31,169.98954599761052,159.01951058201058,224.98506571087216,302.0061728395062,349.0143369175628,425.15432098765433,1049.8805256869773,1689.8148148148148,2010.030864197531,1350.0597371565111,569.0586419753087,272.9988052568698,201.0155316606929,206.0185185185185
1967-02-28,159.01951058201058,224.98506571087216,302.0061728395062,349.0143369175628,425.15432098765433,1049.8805256869773,1689.8148148148148,2010.030864197531,1350.0597371565111,569.0586419753087,272.9988052568698,201.0155316606929,186.0119047619048,192.9976851851852
1967-03-31,224.98506571087216,302.0061728395062,349.0143369175628,425.15432098765433,1049.8805256869773,1689.8148148148148,2010.030864197531,1350.0597371565111,569.0586419753087,272.9988052568698,201.0155316606929,186.0119047619048,247.98387096774192,249.7759856630824
1967-04-30,302.0061728395062,349.0143369175628,425.15432098765433,1049.8805256869773,1689.8148148148148,2010.030864197531,1350.0597371565111,569.0586419753087,272.9988052568698,201.0155316606929,186.0119047619048,247.98387096774192,360.9953703703703,347.9938271604938
1967-05-31,349.0143369175628,425.15432098765433,1049.8805256869773,1689.8148148148148,2010.030864197531,1350.0597371565111,569.0586419753087,272.9988052568698,201.0155316606929,186.0119047619048,247.98387096774192,360.9953703703703,1099.910394265233,1109.9910394265232
1967-06-30,425.15432098765433,1049.8805256869773,1689.8148148148148,2010.030864197531,1350.0597371565111,569.0586419753087,272.9988052568698,201.0155316606929,186.0119047619048,247.98387096774192,360.9953703703703,1099.910394265233,1130.0154320987654,1170.138888888889
1967-07-31,1049.8805256869773,1689.8148148148148,2010.030864197531,1350.0597371565111,569.0586419753087,272.9988052568698,201.0155316606929,186.0119047619048,247.98387096774192,360.9953703703703,1099.910394265233,1130.0154320987654,2029.9432497013145,1969.8327359617683
1967-08-31,1689.8148148148148,2010.030864197531,1350.0597371565111,569.0586419753087,272.9988052568698,201.0155316606929,186.0119047619048,247.98387096774192,360.9953703703703,1099.910394265233,1130.0154320987654,2029.9432497013145,1580.047789725209,1649.8655913978494
1967-09-30,2010.030864197531,1350.0597371565111,569.0586419753087,272.9988052568698,201.0155316606929,186.0119047619048,247.98387096774192,360.9953703703703,1099.910394265233,1130.0154320987654,2029.9432497013145,1580.047789725209,2400.077160493828,2359.953703703704
1967-10-31,1350.0597371565111,569.0586419753087,272.9988052568698,201.0155316606929,186.0119047619048,247.98387096774192,360.9953703703703,1099.910394265233,1130.0154320987654,2029.9432497013145,1580.047789725209,2400.077160493828,1509.8566308243728,1540.0985663082438
1967-11-30,569.0586419753087,272.9988052568698,201.0155316606929,186.0119047619048,247.98387096774192,360.9953703703703,1099.910394265233,1130.0154320987654,2029.9432497013145,1580.047789725209,2400.077160493828,1509.8566308243728,719.9074074074074,812.1141975308642
1967-12-31,272.9988052568698,201.0155316606929,186.0119047619048,247.98387096774192,360.9953703703703,1099.910394265233,1130.0154320987654,2029.9432497013145,1580.047789725209,2400.077160493828,1509.8566308243728,719.9074074074074,307.9823775388292,353.00925925925924
1968-01-31,201.0155316606929,186.0119047619048,247.98387096774192,360.9953703703703,1099.910394265233,1130.0154320987654,2029.9432497013145,1580.047789725209,2400.077160493828,1509.8566308243728,719.9074074074074,307.9823775388292,238.98596176821985,255.0029868578256
1968-02-29,186.0119047619048,247.98387096774192,360.9953703703703,1099.910394265233,1130.0154320987654,2029.9432497013145,1580.047789725209,2400.077160493828,1509.8566308243728,719.9074074074074,307.9823775388292,238.98596176821985,211.0073436,229.00702426564496
1968-03-31,247.98387096774192,360.9953703703703,1099.910394265233,1130.0154320987654,2029.9432497013145,1580.047789725209,2400.077160493828,1509.8566308243728,719.9074074074074,307.9823775388292,238.98596176821985,211.0073436,289.98655913978496,307.0116487455198
1968-04-30,360.9953703703703,1099.910394265233,1130.0154320987654,2029.9432497013145,1580.047789725209,2400.077160493828,1509.8566308243728,719.9074074074074,307.9823775388292,238.98596176821985,211.0073436,289.98655913978496,491.12654320987656,500.0
1968-05-31,1099.910394265233,1130.0154320987654,2029.9432497013145,1580.047789725209,2400.077160493828,1509.8566308243728,719.9074074074074,307.9823775388292,238.98596176821985,211.0073436,289.98655913978496,491.12654320987656,1149.9402628434889,1189.889486260454
1968-06-30,1130.0154320987654,2029.9432497013145,1580.047789725209,2400.077160493828,1509.8566308243728,719.9074074074074,307.9823775388292,238.98596176821985,211.0073436,289.98655913978496,491.12654320987656,1149.9402628434889,1109.9537037037037,1160.108024691358
1968-07-31,2029.9432497013145,1580.047789725209,2400.077160493828,1509.8566308243728,719.9074074074074,307.9823775388292,238.98596176821985,211.0073436,289.98655913978496,491.12654320987656,1149.9402628434889,1109.9537037037037,1329.8984468339306,1419.8775388291515
1968-08-31,1580.047789725209,2400.077160493828,1509.8566308243728,719.9074074074074,307.9823775388292,238.98596176821985,211.0073436,289.98655913978496,491.12654320987656,1149.9402628434889,1109.9537037037037,1329.8984468339306,921.0722819593788,974.8357228195938
1968-09-30,2400.077160493828,1509.8566308243728,719.9074074074074,307.9823775388292,238.98596176821985,211.0073436,289.98655913978496,491.12654320987656,1149.9402628434889,1109.9537037037037,1329.8984468339306,921.0722819593788,2050.1543209876545,2040.123456790124
1968-10-31,1509.8566308243728,719.9074074074074,307.9823775388292,238.98596176821985,211.0073436,289.98655913978496,491.12654320987656,1149.9402628434889,1109.9537037037037,1329.8984468339306,921.0722819593788,2050.1543209876545,1130.152329749104,1220.131421744325
1968-11-30,719.9074074074074,307.9823775388292,238.98596176821985,211.0073436,289.98655913978496,491.12654320987656,1149.9402628434889,1109.9537037037037,1329.8984468339306,921.0722819593788,2050.1543209876545,1130.152329749104,513.1172839506173,562.8858024691358
1968-12-31,307.9823775388292,238.98596176821985,211.0073436,289.98655913978496,491.12654320987656,1149.9402628434889,1109.9537037037037,1329.8984468339306,921.0722819593788,2050.1543209876545,1130.152329749104,513.1172839506173,274.0068697729988,315.00149342891274
1969-01-31,238.98596176821985,211.0073436,289.98655913978496,491.12654320987656,1149.9402628434889,1109.9537037037037,1329.8984468339306,921.0722819593788,2050.1543209876545,1130.152329749104,513.1172839506173,274.0068697729988,210.7974910394265,234.9910394265233
1969-02-28,211.0073436,289.98655913978496,491.12654320987656,1149.9402628434889,1109.9537037037037,1329.8984468339306,921.0722819593788,2050.1543209876545,1130.152329749104,513.1172839506173,274.0068697729988,210.7974910394265,192.00562169312167,209.98677248677248
1969-03-31,289.98655913978496,491.12654320987656,1149.9402628434889,1109.9537037037037,1329.8984468339306,921.0722819593788,2050.1543209876545,1130.152329749104,513.1172839506173,274.0068697729988,210.7974910394265,192.00562169312167,241.0020908004779,252.9868578255675
1969-04-30,491.12654320987656,1149.9402628434889,1109.9537037037037,1329.8984468339306,921.0722819593788,2050.1543209876545,1130.152329749104,513.1172839506173,274.0068697729988,210.7974910394265,192.00562169312167,241.0020908004779,311.99845679012344,331.01851851851853
1969-05-31,1149.9402628434889,1109.9537037037037,1329.8984468339306,921.0722819593788,2050.1543209876545,1130.152329749104,513.1172839506173,274.0068697729988,210.7974910394265,192.00562169312167,241.0020908004779,311.99845679012344,465.2031063321386,510.0059737156511
1969-06-30,1109.9537037037037,1329.8984468339306,921.0722819593788,2050.1543209876545,1130.152329749104,513.1172839506173,274.0068697729988,210.7974910394265,192.00562169312167,241.0020908004779,311.99845679012344,465.2031063321386,631.9444444444445,650.0771604938273
1969-07-31,1329.8984468339306,921.0722819593788,2050.1543209876545,1130.152329749104,513.1172839506173,274.0068697729988,210.7974910394265,192.00562169312167,241.0020908004779,311.99845679012344,465.2031063321386,631.9444444444445,1080.1224611708485,1130.152329749104
1969-08-31,921.0722819593788,2050.1543209876545,1130.152329749104,513.1172839506173,274.0068697729988,210.7974910394265,192.00562169312167,241.0020908004779,311.99845679012344,465.2031063321386,631.9444444444445,1080.1224611708485,734.0203106332139,793.0107526881719
1969-09-30,2050.1543209876545,1130.152329749104,513.1172839506173,274.0068697729988,210.7974910394265,192.00562169312167,241.0020908004779,311.99845679012344,465.2031063321386,631.9444444444445,1080.1224611708485,734.0203106332139,689.0432098765432,709.104938271605
1969-10-31,1130.152329749104,513.1172839506173,274.0068697729988,210.7974910394265,192.00562169312167,241.0020908004779,311.99845679012344,465.2031063321386,631.9444444444445,1080.1224611708485,734.0203106332139,689.0432098765432,775.0896057347671,841.173835125448
1969-11-30,513.1172839506173,274.0068697729988,210.7974910394265,192.00562169312167,241.0020908004779,311.99845679012344,465.2031063321386,631.9444444444445,1080.1224611708485,734.0203106332139,689.0432098765432,775.0896057347671,352.0061728395062,381.0185185185185
1969-12-31,274.0068697729988,210.7974910394265,192.00562169312167,241.0020908004779,311.99845679012344,465.2031063321386,631.9444444444445,1080.1224611708485,734.0203106332139,689.0432098765432,775.0896057347671,352.0061728395062,159.98357228195937,190.0014934289128
1970-01-31,210.7974910394265,192.00562169312167,241.0020908004779,311.99845679012344,465.2031063321386,631.9444444444445,1080.1224611708485,734.0203106332139,689.0432098765432,775.0896057347671,352.0061728395062,159.98357228195937,128.99492234169654,147.9988052568698
1970-02-28,192.00562169312167,241.0020908004779,311.99845679012344,465.2031063321386,631.9444444444445,1080.1224611708485,734.0203106332139,689.0432098765432,775.0896057347671,352.0061728395062,159.98357228195937,128.99492234169654,129.00958994708995,145.99867724867724
1970-03-31,241.0020908004779,311.99845679012344,465.2031063321386,631.9444444444445,1080.1224611708485,734.0203106332139,689.0432098765432,775.0896057347671,352.0061728395062,159.98357228195937,128.99492234169654,129.00958994708995,181.00358422939067,188.9934289127837
1970-04-30,311.99845679012344,465.2031063321386,631.9444444444445,1080.1224611708485,734.0203106332139,689.0432098765432,775.0896057347671,352.0061728395062,159.98357228195937,128.99492234169654,129.00958994708995,181.00358422939067,363.0015432098766,367.0138888888889
1970-05-31,465.2031063321386,631.9444444444445,1080.1224611708485,734.0203106332139,689.0432098765432,775.0896057347671,352.0061728395062,159.98357228195937,128.99492234169654,129.00958994708995,181.00358422939067,363.0015432098766,540.9946237,558.1690561529272
1970-06-30,631.9444444444445,1080.1224611708485,734.0203106332139,689.0432098765432,775.0896057347671,352.0061728395062,159.98357228195937,128.99492234169654,129.00958994708995,181.00358422939067,363.0015432098766,540.9946237,655.0925925925926,672.067901234568
1970-07-31,1080.1224611708485,734.0203106332139,689.0432098765432,775.0896057347671,352.0061728395062,159.98357228195937,128.99492234169654,129.00958994708995,181.00358422939067,363.0015432098766,540.9946237,655.0925925925926,709.0053763440859,726.926523297491
1970-08-31,734.0203106332139,689.0432098765432,775.0896057347671,352.0061728395062,159.98357228195937,128.99492234169654,129.00958994708995,181.00358422939067,363.0015432098766,540.9946237,655.0925925925926,709.0053763440859,1099.910394265233,1180.1821983273596
1970-09-30,689.0432098765432,775.0896057347671,352.0061728395062,159.98357228195937,128.99492234169654,129.00958994708995,181.00358422939067,363.0015432098766,540.9946237,655.0925925925926,709.0053763440859,1099.910394265233,535.1080247,569.0586419753087
1970-10-31,775.0896057347671,352.0061728395062,159.98357228195937,128.99492234169654,129.00958994708995,181.00358422939067,363.0015432098766,540.9946237,655.0925925925926,709.0053763440859,1099.910394265233,535.1080247,583.9307048984468,614.1726403823178
1970-11-30,352.0061728395062,159.98357228195937,128.99492234169654,129.00958994708995,181.00358422939067,363.0015432098766,540.9946237,655.0925925925926,709.0053763440859,1099.910394265233,535.1080247,583.9307048984468,331.01851851851853,348.9969135802469
1970-12-31,159.98357228195937,128.99492234169654,129.00958994708995,181.00358422939067,363.0015432098766,540.9946237,655.0925925925926,709.0053763440859,1099.910394265233,535.1080247,583.9307048984468,331.01851851851853,159.98357228195937,177.00866188769413
1971-01-31,128.99492234169654,129.00958994708995,181.00358422939067,363.0015432098766,540.9946237,655.0925925925926,709.0053763440859,1099.910394265233,535.1080247,583.9307048984468,331.01851851851853,159.98357228195937,127.01612903225806,139.00089605734766
1971-02-28,129.00958994708995,181.00358422939067,363.0015432098766,540.9946237,655.0925925925926,709.0053763440859,1099.910394265233,535.1080247,583.9307048984468,331.01851851851853,159.98357228195937,127.01612903225806,41.33597883597884,135.0033068783069
1971-03-31,181.00358422939067,363.0015432098766,540.9946237,655.0925925925926,709.0053763440859,1099.910394265233,535.1080247,583.9307048984468,331.01851851851853,159.98357228195937,127.01612903225806,41.33597883597884,188.9934289127837,201.0155316606929
1971-04-30,363.0015432098766,540.9946237,655.0925925925926,709.0053763440859,1099.910394265233,535.1080247,583.9307048984468,331.01851851851853,159.98357228195937,127.01612903225806,41.33597883597884,188.9934289127837,335.9953703703704,335.9953703703704
1971-05-31,540.9946237,655.0925925925926,709.0053763440859,1099.910394265233,535.1080247,583.9307048984468,331.01851851851853,159.98357228195937,127.01612903225806,41.33597883597884,188.9934289127837,335.9953703703704,445.0418160095579,486.85782556750297
1971-06-30,655.0925925925926,709.0053763440859,1099.910394265233,535.1080247,583.9307048984468,331.01851851851853,159.98357228195937,127.01612903225806,41.33597883597884,188.9934289127837,335.9953703703704,445.0418160095579,618.0555555555555,638.8888888888888
1971-07-31,709.0053763440859,1099.910394265233,535.1080247,583.9307048984468,331.01851851851853,159.98357228195937,127.01612903225806,41.33597883597884,188.9934289127837,335.9953703703704,445.0418160095579,618.0555555555555,655.9886499402628,719.8327359617682
1971-08-31,1099.910394265233,535.1080247,583.9307048984468,331.01851851851853,159.98357228195937,127.01612903225806,41.33597883597884,188.9934289127837,335.9953703703704,445.0418160095579,618.0555555555555,655.9886499402628,604.8387096774194,638.0675029868578
1971-09-30,535.1080247,583.9307048984468,331.01851851851853,159.98357228195937,127.01612903225806,41.33597883597884,188.9934289127837,335.9953703703704,445.0418160095579,618.0555555555555,655.9886499402628,604.8387096774194,1319.83024691358,1329.861111111111
1971-10-31,583.9307048984468,331.01851851851853,159.98357228195937,127.01612903225806,41.33597883597884,188.9934289127837,335.9953703703704,445.0418160095579,618.0555555555555,655.9886499402628,604.8387096774194,1319.83024691358,1709.9761051373955,1799.9551971326164
1971-11-30,331.01851851851853,159.98357228195937,127.01612903225806,41.33597883597884,188.9934289127837,335.9953703703704,445.0418160095579,618.0555555555555,655.9886499402628,604.8387096774194,1319.83024691358,1709.9761051373955,641.9753086419753,721.0648148148149
1971-12-31,159.98357228195937,127.01612903225806,41.33597883597884,188.9934289127837,335.9953703703704,445.0418160095579,618.0555555555555,655.9886499402628,604.8387096774194,1319.83024691358,1709.9761051373955,641.9753086419753,272.9988052568698,308.9904420549582
1972-01-31,127.01612903225806,41.33597883597884,188.9934289127837,335.9953703703704,445.0418160095579,618.0555555555555,655.9886499402628,604.8387096774194,1319.83024691358,1709.9761051373955,641.9753086419753,272.9988052568698,211.9922341696536,214.0083632019116
1972-02-29,41.33597883597884,188.9934289127837,335.9953703703704,445.0418160095579,618.0555555555555,655.9886499402628,604.8387096774194,1319.83024691358,1709.9761051373955,641.9753086419753,272.9988052568698,211.9922341696536,196.0129310344828,214.0006385696041
1972-03-31,188.9934289127837,335.9953703703704,445.0418160095579,618.0555555555555,655.9886499402628,604.8387096774194,1319.83024691358,1709.9761051373955,641.9753086419753,272.9988052568698,211.9922341696536,196.0129310344828,275.01493428912784,284.98357228195937
1972-04-30,335.9953703703704,445.0418160095579,618.0555555555555,655.9886499402628,604.8387096774194,1319.83024691358,1709.9761051373955,641.9753086419753,272.9988052568698,211.9922341696536,196.0129310344828,275.01493428912784,423.9969135802469,440.97222222222223
1972-05-31,445.0418160095579,618.0555555555555,655.9886499402628,604.8387096774194,1319.83024691358,1709.9761051373955,641.9753086419753,272.9988052568698,211.9922341696536,196.0129310344828,275.01493428912784,423.9969135802469,709.0053763440859,723.9396654719235
1972-06-30,618.0555555555555,655.9886499402628,604.8387096774194,1319.83024691358,1709.9761051373955,641.9753086419753,272.9988052568698,211.9922341696536,196.0129310344828,275.01493428912784,423.9969135802469,709.0053763440859,1020.0617283950618,1069.83024691358
1972-07-31,655.9886499402628,604.8387096774194,1319.83024691358,1709.9761051373955,641.9753086419753,272.9988052568698,211.9922341696536,196.0129310344828,275.01493428912784,423.9969135802469,709.0053763440859,1020.0617283950618,1920.1762246117084,1910.0955794504184
1972-08-31,604.8387096774194,1319.83024691358,1709.9761051373955,641.9753086419753,272.9988052568698,211.9922341696536,196.0129310344828,275.01493428912784,423.9969135802469,709.0053763440859,1020.0617283950618,1920.1762246117084,980.0627240143368,1059.9611708482676
1972-09-30,1319.83024691358,1709.9761051373955,641.9753086419753,272.9988052568698,211.9922341696536,196.0129310344828,275.01493428912784,423.9969135802469,709.0053763440859,1020.0617283950618,1920.1762246117084,980.0627240143368,758.8734567901236,775.8487654320987
1972-10-31,1709.9761051373955,641.9753086419753,272.9988052568698,211.9922341696536,196.0129310344828,275.01493428912784,423.9969135802469,709.0053763440859,1020.0617283950618,1920.1762246117084,980.0627240143368,758.8734567901236,607.8255675029868,658.9755077658302
1972-11-30,641.9753086419753,272.9988052568698,211.9922341696536,196.0129310344828,275.01493428912784,423.9969135802469,709.0053763440859,1020.0617283950618,1920.1762246117084,980.0627240143368,758.8734567901236,607.8255675029868,338.0015432098765,364.0046296296296
1972-12-31,272.9988052568698,211.9922341696536,196.0129310344828,275.01493428912784,423.9969135802469,709.0053763440859,1020.0617283950618,1920.1762246117084,980.0627240143368,758.8734567901236,607.8255675029868,338.0015432098765,192.98835125448028,213.00029868578247
1973-01-31,211.9922341696536,196.0129310344828,275.01493428912784,423.9969135802469,709.0053763440859,1020.0617283950618,1920.1762246117084,980.0627240143368,758.8734567901236,607.8255675029868,338.0015432098765,192.98835125448028,160.99163679808842,174.99253285543608
1973-02-28,196.0129310344828,275.01493428912784,423.9969135802469,709.0053763440859,1020.0617283950618,1920.1762246117084,980.0627240143368,758.8734567901236,607.8255675029868,338.0015432098765,192.98835125448028,160.99163679808842,160.01157407407408,176.00859788359787
1973-03-31,275.01493428912784,423.9969135802469,709.0053763440859,1020.0617283950618,1920.1762246117084,980.0627240143368,758.8734567901236,607.8255675029868,338.0015432098765,192.98835125448028,160.99163679808842,160.01157407407408,210.9841696535245,227.0011947431302
1973-04-30,423.9969135802469,709.0053763440859,1020.0617283950618,1920.1762246117084,980.0627240143368,758.8734567901236,607.8255675029868,338.0015432098765,192.98835125448028,160.99163679808842,160.01157407407408,210.9841696535245,272.9938271604938,293.98148148148147
1973-05-31,709.0053763440859,1020.0617283950618,1920.1762246117084,980.0627240143368,758.8734567901236,607.8255675029868,338.0015432098765,192.98835125448028,160.99163679808842,160.01157407407408,210.9841696535245,272.9938271604938,542.1146953405018,564.1427718040621
1973-06-30,1020.0617283950618,1920.1762246117084,980.0627240143368,758.8734567901236,607.8255675029868,338.0015432098765,192.98835125448028,160.99163679808842,160.01157407407408,210.9841696535245,272.9938271604938,542.1146953405018,1020.0617283950618,1050.1543209876545
1973-07-31,1920.1762246117084,980.0627240143368,758.8734567901236,607.8255675029868,338.0015432098765,192.98835125448028,160.99163679808842,160.01157407407408,210.9841696535245,272.9938271604938,542.1146953405018,1020.0617283950618,844.9074074074074,919.9522102747908
1973-08-31,980.0627240143368,758.8734567901236,607.8255675029868,338.0015432098765,192.98835125448028,160.99163679808842,160.01157407407408,210.9841696535245,272.9938271604938,542.1146953405018,1020.0617283950618,844.9074074074074,878.1362007168459,897.1774193548387
1973-09-30,758.8734567901236,607.8255675029868,338.0015432098765,192.98835125448028,160.99163679808842,160.01157407407408,210.9841696535245,272.9938271604938,542.1146953405018,1020.0617283950618,844.9074074074074,878.1362007168459,959.8765432098766,1020.0617283950618
1973-10-31,607.8255675029868,338.0015432098765,192.98835125448028,160.99163679808842,160.01157407407408,210.9841696535245,272.9938271604938,542.1146953405018,1020.0617283950618,844.9074074074074,878.1362007168459,959.8765432098766,1020.0119474313022,1040.1732377538829
1973-11-30,338.0015432098765,192.98835125448028,160.99163679808842,160.01157407407408,210.9841696535245,272.9938271604938,542.1146953405018,1020.0617283950618,844.9074074074074,878.1362007168459,959.8765432098766,1020.0119474313022,488.8117283950617,535.8796296296297
1973-12-31,192.98835125448028,160.99163679808842,160.01157407407408,210.9841696535245,272.9938271604938,542.1146953405018,1020.0617283950618,844.9074074074074,878.1362007168459,959.8765432098766,1020.0119474313022,488.8117283950617,229.0173237753883,246.00507765830343
1974-01-31,160.99163679808842,160.01157407407408,210.9841696535245,272.9938271604938,542.1146953405018,1020.0617283950618,844.9074074074074,878.1362007168459,959.8765432098766,1020.0119474313022,488.8117283950617,229.0173237753883,145.9826762246117,168.01075268817203
1974-02-28,160.01157407407408,210.9841696535245,272.9938271604938,542.1146953405018,1020.0617283950618,844.9074074074074,878.1362007168459,959.8765432098766,1020.0119474313022,488.8117283950617,229.0173237753883,145.9826762246117,155.00992063492063,175.01653439153438
1974-03-31,210.9841696535245,272.9938271604938,542.1146953405018,1020.0617283950618,844.9074074074074,878.1362007168459,959.8765432098766,1020.0119474313022,488.8117283950617,229.0173237753883,145.9826762246117,155.00992063492063,207.9973118,219.9820788530466
1974-04-30,272.9938271604938,542.1146953405018,1020.0617283950618,844.9074074074074,878.1362007168459,959.8765432098766,1020.0119474313022,488.8117283950617,229.0173237753883,145.9826762246117,155.00992063492063,207.9973118,298.99691358024694,305.0154320987654
1974-05-31,542.1146953405018,1020.0617283950618,844.9074074074074,878.1362007168459,959.8765432098766,1020.0119474313022,488.8117283950617,229.0173237753883,145.9826762246117,155.00992063492063,207.9973118,298.99691358024694,489.0979689366786,486.85782556750297
1974-06-30,1020.0617283950618,844.9074074074074,878.1362007168459,959.8765432098766,1020.0119474313022,488.8117283950617,229.0173237753883,145.9826762246117,155.00992063492063,207.9973118,298.99691358024694,489.0979689366786,875.0,910.8796296296296
1974-07-31,844.9074074074074,878.1362007168459,959.8765432098766,1020.0119474313022,488.8117283950617,229.0173237753883,145.9826762246117,155.00992063492063,207.9973118,298.99691358024694,489.0979689366786,875.0,856.8548387096774,896.0573476702509
1974-08-31,878.1362007168459,959.8765432098766,1020.0119474313022,488.8117283950617,229.0173237753883,145.9826762246117,155.00992063492063,207.9973118,298.99691358024694,489.0979689366786,875.0,856.8548387096774,996.863799283154,999.8506571087216
1974-09-30,959.8765432098766,1020.0119474313022,488.8117283950617,229.0173237753883,145.9826762246117,155.00992063492063,207.9973118,298.99691358024694,489.0979689366786,875.0,856.8548387096774,996.863799283154,1339.8919753086418,1359.9537037037037
1974-10-31,1020.0119474313022,488.8117283950617,229.0173237753883,145.9826762246117,155.00992063492063,207.9973118,298.99691358024694,489.0979689366786,875.0,856.8548387096774,996.863799283154,1339.8919753086418,936.0065710872162,956.1678614097968
1974-11-30,488.8117283950617,229.0173237753883,145.9826762246117,155.00992063492063,207.9973118,298.99691358024694,489.0979689366786,875.0,856.8548387096774,996.863799283154,1339.8919753086418,936.0065710872162,565.9722222222222,589.891975308642
1974-12-31,229.0173237753883,145.9826762246117,155.00992063492063,207.9973118,298.99691358024694,489.0979689366786,875.0,856.8548387096774,996.863799283154,1339.8919753086418,936.0065710872162,565.9722222222222,253.9949223416965,278.0017921146953
1975-01-31,145.9826762246117,155.00992063492063,207.9973118,298.99691358024694,489.0979689366786,875.0,856.8548387096774,996.863799283154,1339.8919753086418,936.0065710872162,565.9722222222222,253.9949223416965,168.01075268817203,178.9874551971326
1975-02-28,155.00992063492063,207.9973118,298.99691358024694,489.0979689366786,875.0,856.8548387096774,996.863799283154,1339.8919753086418,936.0065710872162,565.9722222222222,253.9949223416965,168.01075268817203,163.97982804232805,183.98644179894177
1975-03-31,207.9973118,298.99691358024694,489.0979689366786,875.0,856.8548387096774,996.863799283154,1339.8919753086418,936.0065710872162,565.9722222222222,253.9949223416965,168.01075268817203,163.97982804232805,227.0011947431302,233.98297491039423
1975-04-30,298.99691358024694,489.0979689366786,875.0,856.8548387096774,996.863799283154,1339.8919753086418,936.0065710872162,565.9722222222222,253.9949223416965,168.01075268817203,163.97982804232805,227.0011947431302,311.99845679012344,316.01080246913585
1975-05-31,489.0979689366786,875.0,856.8548387096774,996.863799283154,1339.8919753086418,936.0065710872162,565.9722222222222,253.9949223416965,168.01075268817203,163.97982804232805,227.0011947431302,311.99845679012344,688.0973715651135,683.9904420549582
1975-06-30,875.0,856.8548387096774,996.863799283154,1339.8919753086418,936.0065710872162,565.9722222222222,253.9949223416965,168.01075268817203,163.97982804232805,227.0011947431302,311.99845679012344,688.0973715651135,1140.0462962962963,1140.0462962962963
1975-07-31,856.8548387096774,996.863799283154,1339.8919753086418,936.0065710872162,565.9722222222222,253.9949223416965,168.01075268817203,163.97982804232805,227.0011947431302,311.99845679012344,688.0973715651135,1140.0462962962963,2309.961170848268,2230.0627240143367
1975-08-31,996.863799283154,1339.8919753086418,936.0065710872162,565.9722222222222,253.9949223416965,168.01075268817203,163.97982804232805,227.0011947431302,311.99845679012344,688.0973715651135,1140.0462962962963,2309.961170848268,1839.9044205495816,1829.823775388292
1975-09-30,1339.8919753086418,936.0065710872162,565.9722222222222,253.9949223416965,168.01075268817203,163.97982804232805,227.0011947431302,311.99845679012344,688.0973715651135,1140.0462962962963,2309.961170848268,1839.9044205495816,1689.8148148148148,1689.8148148148148
1975-10-31,936.0065710872162,565.9722222222222,253.9949223416965,168.01075268817203,163.97982804232805,227.0011947431302,311.99845679012344,688.0973715651135,1140.0462962962963,2309.961170848268,1839.9044205495816,1689.8148148148148,1969.8327359617683,1960.1254480286736
1975-11-30,565.9722222222222,253.9949223416965,168.01075268817203,163.97982804232805,227.0011947431302,311.99845679012344,688.0973715651135,1140.0462962962963,2309.961170848268,1839.9044205495816,1689.8148148148148,1969.8327359617683,861.8827160493827,881.9444444444445
1975-12-31,253.9949223416965,168.01075268817203,163.97982804232805,227.0011947431302,311.99845679012344,688.0973715651135,1140.0462962962963,2309.961170848268,1839.9044205495816,1689.8148148148148,1969.8327359617683,861.8827160493827,344.9820788530466,354.01732377538826
1976-01-31,168.01075268817203,163.97982804232805,227.0011947431302,311.99845679012344,688.0973715651135,1140.0462962962963,2309.961170848268,1839.9044205495816,1689.8148148148148,1969.8327359617683,861.8827160493827,344.9820788530466,248.9919354838709,239.99402628434888
1976-02-29,163.97982804232805,227.0011947431302,311.99845679012344,688.0973715651135,1140.0462962962963,2309.961170848268,1839.9044205495816,1689.8148148148148,1969.8327359617683,861.8827160493827,344.9820788530466,248.9919354838709,250.0,242.01787994891444
1976-03-31,227.0011947431302,311.99845679012344,688.0973715651135,1140.0462962962963,2309.961170848268,1839.9044205495816,1689.8148148148148,1969.8327359617683,861.8827160493827,344.9820788530466,248.9919354838709,250.0,317.9883512544803,321.98327359617684
1976-04-30,311.99845679012344,688.0973715651135,1140.0462962962963,2309.961170848268,1839.9044205495816,1689.8148148148148,1969.8327359617683,861.8827160493827,344.9820788530466,248.9919354838709,250.0,317.9883512544803,449.0740740740741,449.84567901234567
1976-05-31,688.0973715651135,1140.0462962962963,2309.961170848268,1839.9044205495816,1689.8148148148148,1969.8327359617683,861.8827160493827,344.9820788530466,248.9919354838709,250.0,317.9883512544803,449.0740740740741,660.8422939,636.9474313022699
1976-06-30,1140.0462962962963,2309.961170848268,1839.9044205495816,1689.8148148148148,1969.8327359617683,861.8827160493827,344.9820788530466,248.9919354838709,250.0,317.9883512544803,449.0740740740741,660.8422939,1140.0462962962963,1170.138888888889
1976-07-31,2309.961170848268,1839.9044205495816,1689.8148148148148,1969.8327359617683,861.8827160493827,344.9820788530466,248.9919354838709,250.0,317.9883512544803,449.0740740740741,660.8422939,1140.0462962962963,1500.1493428912784,1469.9074074074072
1976-08-31,1839.9044205495816,1689.8148148148148,1969.8327359617683,861.8827160493827,344.9820788530466,248.9919354838709,250.0,317.9883512544803,449.0740740740741,660.8422939,1140.0462962962963,1500.1493428912784,1939.9641577060927,1920.1762246117084
1976-09-30,1689.8148148148148,1969.8327359617683,861.8827160493827,344.9820788530466,248.9919354838709,250.0,317.9883512544803,449.0740740740741,660.8422939,1140.0462962962963,1500.1493428912784,1939.9641577060927,1880.015432098765,2000.0
1976-10-31,1969.8327359617683,861.8827160493827,344.9820788530466,248.9919354838709,250.0,317.9883512544803,449.0740740740741,660.8422939,1140.0462962962963,1500.1493428912784,1939.9641577060927,1880.015432098765,994.9970131421744,1089.8297491039427
1976-11-30,861.8827160493827,344.9820788530466,248.9919354838709,250.0,317.9883512544803,449.0740740740741,660.8422939,1140.0462962962963,1500.1493428912784,1939.9641577060927,1880.015432098765,994.9970131421744,519.6759259,523.9197530864197
1976-12-31,344.9820788530466,248.9919354838709,250.0,317.9883512544803,449.0740740740741,660.8422939,1140.0462962962963,1500.1493428912784,1939.9641577060927,1880.015432098765,994.9970131421744,519.6759259,262.99283154121866,289.98655913978496
1977-01-31,248.9919354838709,250.0,317.9883512544803,449.0740740740741,660.8422939,1140.0462962962963,1500.1493428912784,1939.9641577060927,1880.015432098765,994.9970131421744,519.6759259,262.99283154121866,198.9994026284349,214.0083632019116
1977-02-28,250.0,317.9883512544803,449.0740740740741,660.8422939,1140.0462962962963,1500.1493428912784,1939.9641577060927,1880.015432098765,994.9970131421744,519.6759259,262.99283154121866,198.9994026284349,186.0119047619048,204.98511904761904
1977-03-31,317.9883512544803,449.0740740740741,660.8422939,1140.0462962962963,1500.1493428912784,1939.9641577060927,1880.015432098765,994.9970131421744,519.6759259,262.99283154121866,198.9994026284349,186.0119047619048,279.00985663082434,293.01075268817203
1977-04-30,449.0740740740741,660.8422939,1140.0462962962963,1500.1493428912784,1939.9641577060927,1880.015432098765,994.9970131421744,519.6759259,262.99283154121866,198.9994026284349,186.0119047619048,279.00985663082434,643.1327160493828,606.8672839506173
1977-05-31,660.8422939,1140.0462962962963,1500.1493428912784,1939.9641577060927,1880.015432098765,994.9970131421744,519.6759259,262.99283154121866,198.9994026284349,186.0119047619048,279.00985663082434,643.1327160493828,853.8679808841099,860.9617682198327
1977-06-30,1140.0462962962963,1500.1493428912784,1939.9641577060927,1880.015432098765,994.9970131421744,519.6759259,262.99283154121866,198.9994026284349,186.0119047619048,279.00985663082434,643.1327160493828,853.8679808841099,966.8209877,966.820987654321
1977-07-31,1500.1493428912784,1939.9641577060927,1880.015432098765,994.9970131421744,519.6759259,262.99283154121866,198.9994026284349,186.0119047619048,279.00985663082434,643.1327160493828,853.8679808841099,966.8209877,791.1439665471925,800.8512544802867
1977-08-31,1939.9641577060927,1880.015432098765,994.9970131421744,519.6759259,262.99283154121866,198.9994026284349,186.0119047619048,279.00985663082434,643.1327160493828,853.8679808841099,966.8209877,791.1439665471925,676.1499402628435,711.9922341696536
1977-09-30,1880.015432098765,994.9970131421744,519.6759259,262.99283154121866,198.9994026284349,186.0119047619048,279.00985663082434,643.1327160493828,853.8679808841099,966.8209877,791.1439665471925,676.1499402628435,636.1882716049382,658.9506172839506
1977-10-31,994.9970131421744,519.6759259,262.99283154121866,198.9994026284349,186.0119047619048,279.00985663082434,643.1327160493828,853.8679808841099,966.8209877,791.1439665471925,676.1499402628435,636.1882716049382,518.9665471923537,539.8745519713261
1977-11-30,519.6759259,262.99283154121866,198.9994026284349,186.0119047619048,279.00985663082434,643.1327160493828,853.8679808841099,966.8209877,791.1439665471925,676.1499402628435,636.1882716049382,518.9665471923537,285.1851851851852,333.9891975308642
1977-12-31,262.99283154121866,198.9994026284349,186.0119047619048,279.00985663082434,643.1327160493828,853.8679808841099,966.8209877,791.1439665471925,676.1499402628435,636.1882716049382,518.9665471923537,285.1851851851852,159.98357228195937,188.9934289127837
1978-01-31,198.9994026284349,186.0119047619048,279.00985663082434,643.1327160493828,853.8679808841099,966.8209877,791.1439665471925,676.1499402628435,636.1882716049382,518.9665471923537,285.1851851851852,159.98357228195937,116.0020908004779,127.01612903225806
1978-02-28,186.0119047619048,279.00985663082434,643.1327160493828,853.8679808841099,966.8209877,791.1439665471925,676.1499402628435,636.1882716049382,518.9665471923537,285.1851851851852,159.98357228195937,116.0020908004779,123.015873015873,141.0094246031746
1978-03-31,279.00985663082434,643.1327160493828,853.8679808841099,966.8209877,791.1439665471925,676.1499402628435,636.1882716049382,518.9665471923537,285.1851851851852,159.98357228195937,116.0020908004779,123.015873015873,178.01672640382318,196.01254480286727
1978-04-30,643.1327160493828,853.8679808841099,966.8209877,791.1439665471925,676.1499402628435,636.1882716049382,518.9665471923537,285.1851851851852,159.98357228195937,116.0020908004779,123.015873015873,178.01672640382318,478.0092592592592,467.9783950617284
1978-05-31,853.8679808841099,966.8209877,791.1439665471925,676.1499402628435,636.1882716049382,518.9665471923537,285.1851851851852,159.98357228195937,116.0020908004779,123.015873015873,178.01672640382318,478.0092592592592,548.8351254480286,551.0752688172043
1978-06-30,966.8209877,791.1439665471925,676.1499402628435,636.1882716049382,518.9665471923537,285.1851851851852,159.98357228195937,116.0020908004779,123.015873015873,178.01672640382318,478.0092592592592,548.8351254480286,773.9197530864196,760.0308641975308
1978-07-31,791.1439665471925,676.1499402628435,636.1882716049382,518.9665471923537,285.1851851851852,159.98357228195937,116.0020908004779,123.015873015873,178.01672640382318,478.0092592592592,548.8351254480286,773.9197530864196,564.1427718040621,568.9964157706094
1978-08-31,676.1499402628435,636.1882716049382,518.9665471923537,285.1851851851852,159.98357228195937,116.0020908004779,123.015873015873,178.01672640382318,478.0092592592592,548.8351254480286,773.9197530864196,564.1427718040621,1099.910394265233,1070.041816009558
1978-09-30,636.1882716049382,518.9665471923537,285.1851851851852,159.98357228195937,116.0020908004779,123.015873015873,178.01672640382318,478.0092592592592,548.8351254480286,773.9197530864196,564.1427718040621,1099.910394265233,1760.030864197531,1760.030864197531
1978-10-31,518.9665471923537,285.1851851851852,159.98357228195937,116.0020908004779,123.015873015873,178.01672640382318,478.0092592592592,548.8351254480286,773.9197530864196,564.1427718040621,1099.910394265233,1760.030864197531,999.1039426523296,1020.0119474313022
1978-11-30,285.1851851851852,159.98357228195937,116.0020908004779,123.015873015873,178.01672640382318,478.0092592592592,548.8351254480286,773.9197530864196,564.1427718040621,1099.910394265233,1760.030864197531,999.1039426523296,503.0864197530864,523.9197530864197
1978-12-31,159.98357228195937,116.0020908004779,123.015873015873,178.01672640382318,478.0092592592592,548.8351254480286,773.9197530864196,564.1427718040621,1099.910394265233,1760.030864197531,999.1039426523296,503.0864197530864,228.00925925925927,256.0110513739546
1979-01-31,116.0020908004779,123.015873015873,178.01672640382318,478.0092592592592,548.8351254480286,773.9197530864196,564.1427718040621,1099.910394265233,1760.030864197531,999.1039426523296,503.0864197530864,228.00925925925927,164.98655913978493,193.99641577060933
1979-02-28,123.015873015873,178.01672640382318,478.0092592592592,548.8351254480286,773.9197530864196,564.1427718040621,1099.910394265233,1760.030864197531,999.1039426523296,503.0864197530864,228.00925925925927,164.98655913978493,151.99239417989418,178.98478835978835
1979-03-31,178.01672640382318,478.0092592592592,548.8351254480286,773.9197530864196,564.1427718040621,1099.910394265233,1760.030864197531,999.1039426523296,503.0864197530864,228.00925925925927,164.98655913978493,151.99239417989418,196.01254480286727,220.99014336917563
1979-04-30,478.0092592592592,548.8351254480286,773.9197530864196,564.1427718040621,1099.910394265233,1760.030864197531,999.1039426523296,503.0864197530864,228.00925925925927,164.98655913978493,151.99239417989418,196.01254480286727,380.0154320987654,390.817901234568
1979-05-31,548.8351254480286,773.9197530864196,564.1427718040621,1099.910394265233,1760.030864197531,999.1039426523296,503.0864197530864,228.00925925925927,164.98655913978493,151.99239417989418,196.01254480286727,380.0154320987654,390.1583035,402.85244922341695
1979-06-30,773.9197530864196,564.1427718040621,1099.910394265233,1760.030864197531,999.1039426523296,503.0864197530864,228.00925925925927,164.98655913978493,151.99239417989418,196.01254480286727,380.0154320987654,390.1583035,449.84567901234567,466.04938271604937
1979-07-31,564.1427718040621,1099.910394265233,1760.030864197531,999.1039426523296,503.0864197530864,228.00925925925927,164.98655913978493,151.99239417989418,196.01254480286727,380.0154320987654,390.1583035,449.84567901234567,1130.152329749104,1109.9910394265232
1979-08-31,1099.910394265233,1760.030864197531,999.1039426523296,503.0864197530864,228.00925925925927,164.98655913978493,151.99239417989418,196.01254480286727,380.0154320987654,390.1583035,449.84567901234567,1130.152329749104,1699.895459976105,1739.8446833930705
1979-09-30,1760.030864197531,999.1039426523296,503.0864197530864,228.00925925925927,164.98655913978493,151.99239417989418,196.01254480286727,380.0154320987654,390.1583035,449.84567901234567,1130.152329749104,1699.895459976105,1650.0771604938273,1680.16975308642
1979-10-31,999.1039426523296,503.0864197530864,228.00925925925927,164.98655913978493,151.99239417989418,196.01254480286727,380.0154320987654,390.1583035,449.84567901234567,1130.152329749104,1699.895459976105,1650.0771604938273,938.9934289127838,965.1284348864992
1979-11-30,503.0864197530864,228.00925925925927,164.98655913978493,151.99239417989418,196.01254480286727,380.0154320987654,390.1583035,449.84567901234567,1130.152329749104,1699.895459976105,1650.0771604938273,938.9934289127838,410.1080246913581,440.97222222222223
1979-12-31,228.00925925925927,164.98655913978493,151.99239417989418,196.01254480286727,380.0154320987654,390.1583035,449.84567901234567,1130.152329749104,1699.895459976105,1650.0771604938273,938.9934289127838,410.1080246913581,216.9952210274791,248.9919354838709
1980-01-31,164.98655913978493,151.99239417989418,196.01254480286727,380.0154320987654,390.1583035,449.84567901234567,1130.152329749104,1699.895459976105,1650.0771604938273,938.9934289127838,410.1080246913581,216.9952210274791,150.98566308243724,173.98446833930706
1980-02-29,151.99239417989418,196.01254480286727,380.0154320987654,390.1583035,449.84567901234567,1130.152329749104,1699.895459976105,1650.0771604938273,938.9934289127838,410.1080246913581,216.9952210274791,150.98566308243724,148.98627075351214,172.01468710089398
1980-03-31,196.01254480286727,380.0154320987654,390.1583035,449.84567901234567,1130.152329749104,1699.895459976105,1650.0771604938273,938.9934289127838,410.1080246913581,216.9952210274791,150.98566308243724,148.98627075351214,211.9922341696536,237.00716845878136
1980-04-30,380.0154320987654,390.1583035,449.84567901234567,1130.152329749104,1699.895459976105,1650.0771604938273,938.9934289127838,410.1080246913581,216.9952210274791,150.98566308243724,148.98627075351214,211.9922341696536,308.1404320987654,328.0092592592593
1980-05-31,390.1583035,449.84567901234567,1130.152329749104,1699.895459976105,1650.0771604938273,938.9934289127838,410.1080246913581,216.9952210274791,150.98566308243724,148.98627075351214,211.9922341696536,308.1404320987654,340.0164277180406,362.0071684587813
1980-06-30,449.84567901234567,1130.152329749104,1699.895459976105,1650.0771604938273,938.9934289127838,410.1080246913581,216.9952210274791,150.98566308243724,148.98627075351214,211.9922341696536,308.1404320987654,340.0164277180406,618.8271604938271,618.8271604938271
1980-07-31,1130.152329749104,1699.895459976105,1650.0771604938273,938.9934289127838,410.1080246913581,216.9952210274791,150.98566308243724,148.98627075351214,211.9922341696536,308.1404320987654,340.0164277180406,618.8271604938271,1329.8984468339306,1350.0597371565111
1980-08-31,1699.895459976105,1650.0771604938273,938.9934289127838,410.1080246913581,216.9952210274791,150.98566308243724,148.98627075351214,211.9922341696536,308.1404320987654,340.0164277180406,618.8271604938271,1329.8984468339306,937.126642771804,949.074074074074
1980-09-30,1650.0771604938273,938.9934289127838,410.1080246913581,216.9952210274791,150.98566308243724,148.98627075351214,211.9922341696536,308.1404320987654,340.0164277180406,618.8271604938271,1329.8984468339306,937.126642771804,1400.0771604938273,1390.0462962962963
1980-10-31,938.9934289127838,410.1080246913581,216.9952210274791,150.98566308243724,148.98627075351214,211.9922341696536,308.1404320987654,340.0164277180406,618.8271604938271,1329.8984468339306,937.126642771804,1400.0771604938273,1059.9611708482676,1130.152329749104
1980-11-30,410.1080246913581,216.9952210274791,150.98566308243724,148.98627075351214,211.9922341696536,308.1404320987654,340.0164277180406,618.8271604938271,1329.8984468339306,937.126642771804,1400.0771604938273,1059.9611708482676,464.1203703703704,494.9845679012346
1980-12-31,216.9952210274791,150.98566308243724,148.98627075351214,211.9922341696536,308.1404320987654,340.0164277180406,618.8271604938271,1329.8984468339306,937.126642771804,1400.0771604938273,1059.9611708482676,464.1203703703704,201.9862604540024,221.99820788530465
1981-01-31,150.98566308243724,148.98627075351214,211.9922341696536,308.1404320987654,340.0164277180406,618.8271604938271,1329.8984468339306,937.126642771804,1400.0771604938273,1059.9611708482676,464.1203703703704,201.9862604540024,155.0179211469534,173.01373954599762
1981-02-28,148.98627075351214,211.9922341696536,308.1404320987654,340.0164277180406,618.8271604938271,1329.8984468339306,937.126642771804,1400.0771604938273,1059.9611708482676,464.1203703703704,201.9862604540024,155.0179211469534,156.00198412698413,173.98313492063488
1981-03-31,211.9922341696536,308.1404320987654,340.0164277180406,618.8271604938271,1329.8984468339306,937.126642771804,1400.0771604938273,1059.9611708482676,464.1203703703704,201.9862604540024,155.0179211469534,156.00198412698413,84.97610513739545,223.0062724014337
1981-04-30,308.1404320987654,340.0164277180406,618.8271604938271,1329.8984468339306,937.126642771804,1400.0771604938273,1059.9611708482676,464.1203703703704,201.9862604540024,155.0179211469534,156.00198412698413,84.97610513739545,331.9830247,341.0108024691358
1981-05-31,340.0164277180406,618.8271604938271,1329.8984468339306,937.126642771804,1400.0771604938273,1059.9611708482676,464.1203703703704,201.9862604540024,155.0179211469534,156.00198412698413,84.97610513739545,331.9830247,548.8351254480286,583.9307048984468
1981-06-30,618.8271604938271,1329.8984468339306,937.126642771804,1400.0771604938273,1059.9611708482676,464.1203703703704,201.9862604540024,155.0179211469534,156.00198412698413,84.97610513739545,331.9830247,548.8351254480286,1040.1234567901236,1060.1851851851852
1981-07-31,1329.8984468339306,937.126642771804,1400.0771604938273,1059.9611708482676,464.1203703703704,201.9862604540024,155.0179211469534,156.00198412698413,84.97610513739545,331.9830247,548.8351254480286,1040.1234567901236,1599.8357228195937,1640.1583034647551
1981-08-31,937.126642771804,1400.0771604938273,1059.9611708482676,464.1203703703704,201.9862604540024,155.0179211469534,156.00198412698413,84.97610513739545,331.9830247,548.8351254480286,1040.1234567901236,1599.8357228195937,989.0232974910394,1059.9611708482676
1981-09-30,1400.0771604938273,1059.9611708482676,464.1203703703704,201.9862604540024,155.0179211469534,156.00198412698413,84.97610513739545,331.9830247,548.8351254480286,1040.1234567901236,1599.8357228195937,989.0232974910394,3550.1543209876545,3469.9074074074074
1981-10-31,1059.9611708482676,464.1203703703704,201.9862604540024,155.0179211469534,156.00198412698413,84.97610513739545,331.9830247,548.8351254480286,1040.1234567901236,1599.8357228195937,989.0232974910394,3550.1543209876545,1699.895459976105,1680.1075268817203
1981-11-30,464.1203703703704,201.9862604540024,155.0179211469534,156.00198412698413,84.97610513739545,331.9830247,548.8351254480286,1040.1234567901236,1599.8357228195937,989.0232974910394,3550.1543209876545,1699.895459976105,687.1141975308641,714.891975308642
1981-12-31,201.9862604540024,155.0179211469534,156.00198412698413,84.97610513739545,331.9830247,548.8351254480286,1040.1234567901236,1599.8357228195937,989.0232974910394,3550.1543209876545,1699.895459976105,687.1141975308641,312.01463560334525,352.00119474313027
1982-01-31,155.0179211469534,156.00198412698413,84.97610513739545,331.9830247,548.8351254480286,1040.1234567901236,1599.8357228195937,989.0232974910394,3550.1543209876545,1699.895459976105,687.1141975308641,312.01463560334525,233.01224611708483,251.00806451612905
1982-02-28,156.00198412698413,84.97610513739545,331.9830247,548.8351254480286,1040.1234567901236,1599.8357228195937,989.0232974910394,3550.1543209876545,1699.895459976105,687.1141975308641,312.01463560334525,233.01224611708483,227.01719576719577,250.9920634920635
1982-03-31,84.97610513739545,331.9830247,548.8351254480286,1040.1234567901236,1599.8357228195937,989.0232974910394,3550.1543209876545,1699.895459976105,687.1141975308641,312.01463560334525,233.01224611708483,227.01719576719577,262.99283154121866,285.9916367980884
1982-04-30,331.9830247,548.8351254480286,1040.1234567901236,1599.8357228195937,989.0232974910394,3550.1543209876545,1699.895459976105,687.1141975308641,312.01463560334525,233.01224611708483,227.01719576719577,262.99283154121866,381.0185185185185,395.8333333333333
1982-05-31,548.8351254480286,1040.1234567901236,1599.8357228195937,989.0232974910394,3550.1543209876545,1699.895459976105,687.1141975308641,312.01463560334525,233.01224611708483,227.01719576719577,262.99283154121866,381.0185185185185,900.1642771804062,850.1344086021505
1982-06-30,1040.1234567901236,1599.8357228195937,989.0232974910394,3550.1543209876545,1699.895459976105,687.1141975308641,312.01463560334525,233.01224611708483,227.01719576719577,262.99283154121866,381.0185185185185,900.1642771804062,1560.1851851851852,1514.6604938271605
1982-07-31,1599.8357228195937,989.0232974910394,3550.1543209876545,1699.895459976105,687.1141975308641,312.01463560334525,233.01224611708483,227.01719576719577,262.99283154121866,381.0185185185185,900.1642771804062,1560.1851851851852,1789.874551971326,1749.9253285543607
1982-08-31,989.0232974910394,3550.1543209876545,1699.895459976105,687.1141975308641,312.01463560334525,233.01224611708483,227.01719576719577,262.99283154121866,381.0185185185185,900.1642771804062,1560.1851851851852,1789.874551971326,1049.8805256869773,1059.9611708482676
1982-09-30,3550.1543209876545,1699.895459976105,687.1141975308641,312.01463560334525,233.01224611708483,227.01719576719577,262.99283154121866,381.0185185185185,900.1642771804062,1560.1851851851852,1789.874551971326,1049.8805256869773,1699.8456790123455,1650.0771604938273
1982-10-31,1699.895459976105,687.1141975308641,312.01463560334525,233.01224611708483,227.01719576719577,262.99283154121866,381.0185185185185,900.1642771804062,1560.1851851851852,1789.874551971326,1049.8805256869773,1699.8456790123455,1630.077658303465,1649.8655913978494
1982-11-30,687.1141975308641,312.01463560334525,233.01224611708483,227.01719576719577,262.99283154121866,381.0185185185185,900.1642771804062,1560.1851851851852,1789.874551971326,1049.8805256869773,1699.8456790123455,1630.077658303465,653.1635802469136,697.145061728395
1982-12-31,312.01463560334525,233.01224611708483,227.01719576719577,262.99283154121866,381.0185185185185,900.1642771804062,1560.1851851851852,1789.874551971326,1049.8805256869773,1699.8456790123455,1630.077658303465,653.1635802469136,284.98357228195937,326.0155316606929
1983-01-31,233.01224611708483,227.01719576719577,262.99283154121866,381.0185185185185,900.1642771804062,1560.1851851851852,1789.874551971326,1049.8805256869773,1699.8456790123455,1630.077658303465,653.1635802469136,284.98357228195937,210.9841696535245,233.98297491039423
1983-02-28,227.01719576719577,262.99283154121866,381.0185185185185,900.1642771804062,1560.1851851851852,1789.874551971326,1049.8805256869773,1699.8456790123455,1630.077658303465,653.1635802469136,284.98357228195937,210.9841696535245,201.01686507936512,215.9804894179894
1983-03-31,262.99283154121866,381.0185185185185,900.1642771804062,1560.1851851851852,1789.874551971326,1049.8805256869773,1699.8456790123455,1630.077658303465,653.1635802469136,284.98357228195937,210.9841696535245,201.01686507936512,238.98596176821985,251.00806451612905
1983-04-30,381.0185185185185,900.1642771804062,1560.1851851851852,1789.874551971326,1049.8805256869773,1699.8456790123455,1630.077658303465,653.1635802469136,284.98357228195937,210.9841696535245,201.01686507936512,238.98596176821985,464.1203703703704,476.08024691358025
1983-05-31,900.1642771804062,1560.1851851851852,1789.874551971326,1049.8805256869773,1699.8456790123455,1630.077658303465,653.1635802469136,284.98357228195937,210.9841696535245,201.01686507936512,238.98596176821985,464.1203703703704,885.9767025089606,872.1624850657108
1983-06-30,1560.1851851851852,1789.874551971326,1049.8805256869773,1699.8456790123455,1630.077658303465,653.1635802469136,284.98357228195937,210.9841696535245,201.01686507936512,238.98596176821985,464.1203703703704,885.9767025089606,1209.8765432098764,1209.8765432098764
1983-07-31,1789.874551971326,1049.8805256869773,1699.8456790123455,1630.077658303465,653.1635802469136,284.98357228195937,210.9841696535245,201.01686507936512,238.98596176821985,464.1203703703704,885.9767025089606,1209.8765432098764,2650.0896057347672,2529.8685782556754
1983-08-31,1049.8805256869773,1699.8456790123455,1630.077658303465,653.1635802469136,284.98357228195937,210.9841696535245,201.01686507936512,238.98596176821985,464.1203703703704,885.9767025089606,1209.8765432098764,2650.0896057347672,1730.137395459976,1789.874551971326
1983-09-30,1699.8456790123455,1630.077658303465,653.1635802469136,284.98357228195937,210.9841696535245,201.01686507936512,238.98596176821985,464.1203703703704,885.9767025089606,1209.8765432098764,2650.0896057347672,1730.137395459976,1150.0771604938273,1099.9228395061727
1983-10-31,1630.077658303465,653.1635802469136,284.98357228195937,210.9841696535245,201.01686507936512,238.98596176821985,464.1203703703704,885.9767025089606,1209.8765432098764,2650.0896057347672,1730.137395459976,1150.0771604938273,1960.1254480286736,1960.1254480286736
1983-11-30,653.1635802469136,284.98357228195937,210.9841696535245,201.01686507936512,238.98596176821985,464.1203703703704,885.9767025089606,1209.8765432098764,2650.0896057347672,1730.137395459976,1150.0771604938273,1960.1254480286736,842.9783950617284,912.8086419753088
1983-12-31,284.98357228195937,210.9841696535245,201.01686507936512,238.98596176821985,464.1203703703704,885.9767025089606,1209.8765432098764,2650.0896057347672,1730.137395459976,1150.0771604938273,1960.1254480286736,842.9783950617284,340.0164277180406,579.8237753882916
1984-01-31,210.9841696535245,201.01686507936512,238.98596176821985,464.1203703703704,885.9767025089606,1209.8765432098764,2650.0896057347672,1730.137395459976,1150.0771604938273,1960.1254480286736,842.9783950617284,340.0164277180406,233.98297491039423,275.98566308243727
1984-02-29,201.01686507936512,238.98596176821985,464.1203703703704,885.9767025089606,1209.8765432098764,2650.0896057347672,1730.137395459976,1150.0771604938273,1960.1254480286736,842.9783950617284,340.0164277180406,233.98297491039423,250.9977650063857,283.0060664112388
1984-03-31,238.98596176821985,464.1203703703704,885.9767025089606,1209.8765432098764,2650.0896057347672,1730.137395459976,1150.0771604938273,1960.1254480286736,842.9783950617284,340.0164277180406,233.98297491039423,250.9977650063857,293.01075268817203,326.9862604540023
1984-04-30,464.1203703703704,885.9767025089606,1209.8765432098764,2650.0896057347672,1730.137395459976,1150.0771604938273,1960.1254480286736,842.9783950617284,340.0164277180406,233.98297491039423,250.9977650063857,293.01075268817203,412.037037,444.0586419753087
1984-05-31,885.9767025089606,1209.8765432098764,2650.0896057347672,1730.137395459976,1150.0771604938273,1960.1254480286736,842.9783950617284,340.0164277180406,233.98297491039423,250.9977650063857,293.01075268817203,412.037037,479.01732377538826,520.0866188769414
1984-06-30,1209.8765432098764,2650.0896057347672,1730.137395459976,1150.0771604938273,1960.1254480286736,842.9783950617284,340.0164277180406,233.98297491039423,250.9977650063857,293.01075268817203,412.037037,479.01732377538826,1109.9537037037037,1060.1851851851852
1984-07-31,2650.0896057347672,1730.137395459976,1150.0771604938273,1960.1254480286736,842.9783950617284,340.0164277180406,233.98297491039423,250.9977650063857,293.01075268817203,412.037037,479.01732377538826,1109.9537037037037,2430.1821983273594,2460.050776583035
1984-08-31,1730.137395459976,1150.0771604938273,1960.1254480286736,842.9783950617284,340.0164277180406,233.98297491039423,250.9977650063857,293.01075268817203,412.037037,479.01732377538826,1109.9537037037037,2430.1821983273594,1400.089605734767,1479.9880525686976
1984-09-30,1150.0771604938273,1960.1254480286736,842.9783950617284,340.0164277180406,233.98297491039423,250.9977650063857,293.01075268817203,412.037037,479.01732377538826,1109.9537037037037,2430.1821983273594,1400.089605734767,861.1111111111111,834.8765432098766
1984-10-31,1960.1254480286736,842.9783950617284,340.0164277180406,233.98297491039423,250.9977650063857,293.01075268817203,412.037037,479.01732377538826,1109.9537037037037,2430.1821983273594,1400.089605734767,861.1111111111111,854.9880525686978,893.0704898446834
1984-11-30,842.9783950617284,340.0164277180406,233.98297491039423,250.9977650063857,293.01075268817203,412.037037,479.01732377538826,1109.9537037037037,2430.1821983273594,1400.089605734767,861.1111111111111,854.9880525686978,478.0092592592592,520.0617283950618
1984-12-31,340.0164277180406,233.98297491039423,250.9977650063857,293.01075268817203,412.037037,479.01732377538826,1109.9537037037037,2430.1821983273594,1400.089605734767,861.1111111111111,854.9880525686978,478.0092592592592,257.9898446833931,280.0179211469534
1985-01-31,233.98297491039423,250.9977650063857,293.01075268817203,412.037037,479.01732377538826,1109.9537037037037,2430.1821983273594,1400.089605734767,861.1111111111111,854.9880525686978,478.0092592592592,257.9898446833931,182.0116487455197,207.997311827957
1985-02-28,250.9977650063857,293.01075268817203,412.037037,479.01732377538826,1109.9537037037037,2430.1821983273594,1400.089605734767,861.1111111111111,854.9880525686978,478.0092592592592,257.9898446833931,182.0116487455197,166.9973544973545,177.99272486772486
1985-03-31,293.01075268817203,412.037037,479.01732377538826,1109.9537037037037,2430.1821983273594,1400.089605734767,861.1111111111111,854.9880525686978,478.0092592592592,257.9898446833931,182.0116487455197,166.9973544973545,223.0062724014337,233.98297491039423
1985-04-30,412.037037,479.01732377538826,1109.9537037037037,2430.1821983273594,1400.089605734767,861.1111111111111,854.9880525686978,478.0092592592592,257.9898446833931,182.0116487455197,166.9973544973545,223.0062724014337,344.9845679012346,356.983024691358
1985-05-31,479.01732377538826,1109.9537037037037,2430.1821983273594,1400.089605734767,861.1111111111111,854.9880525686978,478.0092592592592,257.9898446833931,182.0116487455197,166.9973544973545,223.0062724014337,344.9845679012346,430.1075268817205,452.1356033452808
1985-06-30,1109.9537037037037,2430.1821983273594,1400.089605734767,861.1111111111111,854.9880525686978,478.0092592592592,257.9898446833931,182.0116487455197,166.9973544973545,223.0062724014337,344.9845679012346,430.1075268817205,638.8888888888888,665.1234567901233
1985-07-31,2430.1821983273594,1400.089605734767,861.1111111111111,854.9880525686978,478.0092592592592,257.9898446833931,182.0116487455197,166.9973544973545,223.0062724014337,344.9845679012346,430.1075268817205,638.8888888888888,1199.9701314217443,1249.9999999999998
1985-08-31,1400.089605734767,861.1111111111111,854.9880525686978,478.0092592592592,257.9898446833931,182.0116487455197,166.9973544973545,223.0062724014337,344.9845679012346,430.1075268817205,638.8888888888888,1199.9701314217443,1009.931302270012,980.0627240143368
1985-09-30,861.1111111111111,854.9880525686978,478.0092592592592,257.9898446833931,182.0116487455197,166.9973544973545,223.0062724014337,344.9845679012346,430.1075268817205,638.8888888888888,1199.9701314217443,1009.931302270012,2349.9228395061727,2449.845679012345
1985-10-31,854.9880525686978,478.0092592592592,257.9898446833931,182.0116487455197,166.9973544973545,223.0062724014337,344.9845679012346,430.1075268817205,638.8888888888888,1199.9701314217443,1009.931302270012,2349.9228395061727,1139.8596176821984,1170.1015531660694
1985-11-30,478.0092592592592,257.9898446833931,182.0116487455197,166.9973544973545,223.0062724014337,344.9845679012346,430.1075268817205,638.8888888888888,1199.9701314217443,1009.931302270012,2349.9228395061727,1139.8596176821984,451.00308641975306,508.8734567901234
1985-12-31,257.9898446833931,182.0116487455197,166.9973544973545,223.0062724014337,344.9845679012346,430.1075268817205,638.8888888888888,1199.9701314217443,1009.931302270012,2349.9228395061727,1139.8596176821984,451.00308641975306,244.99701314217444,270.98267622461174
1986-01-31,182.0116487455197,166.9973544973545,223.0062724014337,344.9845679012346,430.1075268817205,638.8888888888888,1199.9701314217443,1009.931302270012,2349.9228395061727,1139.8596176821984,451.00308641975306,244.99701314217444,181.00358422939067,205.01045400238948
1986-02-28,166.9973544973545,223.0062724014337,344.9845679012346,430.1075268817205,638.8888888888888,1199.9701314217443,1009.931302270012,2349.9228395061727,1139.8596176821984,451.00308641975306,244.99701314217444,181.00358422939067,178.98478835978835,192.00562169312167
1986-03-31,223.0062724014337,344.9845679012346,430.1075268817205,638.8888888888888,1199.9701314217443,1009.931302270012,2349.9228395061727,1139.8596176821984,451.00308641975306,244.99701314217444,181.00358422939067,178.98478835978835,229.0173237753883,238.98596176821985
1986-04-30,344.9845679012346,430.1075268817205,638.8888888888888,1199.9701314217443,1009.931302270012,2349.9228395061727,1139.8596176821984,451.00308641975306,244.99701314217444,181.00358422939067,178.98478835978835,229.0173237753883,358.9891975308642,356.983024691358
1986-05-31,430.1075268817205,638.8888888888888,1199.9701314217443,1009.931302270012,2349.9228395061727,1139.8596176821984,451.00308641975306,244.99701314217444,181.00358422939067,178.98478835978835,229.0173237753883,358.9891975308642,849.0143369175627,829.9731182795699
1986-06-30,638.8888888888888,1199.9701314217443,1009.931302270012,2349.9228395061727,1139.8596176821984,451.00308641975306,244.99701314217444,181.00358422939067,178.98478835978835,229.0173237753883,358.9891975308642,849.0143369175627,1119.9845679012346,1109.9537037037037
1986-07-31,1199.9701314217443,1009.931302270012,2349.9228395061727,1139.8596176821984,451.00308641975306,244.99701314217444,181.00358422939067,178.98478835978835,229.0173237753883,358.9891975308642,849.0143369175627,1119.9845679012346,1720.0567502986858,1680.1075268817203
1986-08-31,1009.931302270012,2349.9228395061727,1139.8596176821984,451.00308641975306,244.99701314217444,181.00358422939067,178.98478835978835,229.0173237753883,358.9891975308642,849.0143369175627,1119.9845679012346,1720.0567502986858,698.9247311827957,719.8327359617682
1986-09-30,2349.9228395061727,1139.8596176821984,451.00308641975306,244.99701314217444,181.00358422939067,178.98478835978835,229.0173237753883,358.9891975308642,849.0143369175627,1119.9845679012346,1720.0567502986858,698.9247311827957,1079.861111111111,1060.1851851851852
1986-10-31,1139.8596176821984,451.00308641975306,244.99701314217444,181.00358422939067,178.98478835978835,229.0173237753883,358.9891975308642,849.0143369175627,1119.9845679012346,1720.0567502986858,698.9247311827957,1079.861111111111,573.8500597371565,369.9970131421744
1986-11-30,451.00308641975306,244.99701314217444,181.00358422939067,178.98478835978835,229.0173237753883,358.9891975308642,849.0143369175627,1119.9845679012346,1720.0567502986858,698.9247311827957,1079.861111111111,573.8500597371565,331.9830247,311.50327932098764
1986-12-31,244.99701314217444,181.00358422939067,178.98478835978835,229.0173237753883,358.9891975308642,849.0143369175627,1119.9845679012346,1720.0567502986858,698.9247311827957,1079.861111111111,573.8500597371565,331.9830247,202.99432497013143,184.44941009557945
1987-01-31,181.00358422939067,178.98478835978835,229.0173237753883,358.9891975308642,849.0143369175627,1119.9845679012346,1720.0567502986858,698.9247311827957,1079.861111111111,573.8500597371565,331.9830247,202.99432497013143,140.0089605734767,122.40882616487455
1987-02-28,178.98478835978835,229.0173237753883,358.9891975308642,849.0143369175627,1119.9845679012346,1720.0567502986858,698.9247311827957,1079.861111111111,573.8500597371565,331.9830247,202.99432497013143,140.0089605734767,154.01785714285714,344.99007936507934
1987-03-31,229.0173237753883,358.9891975308642,849.0143369175627,1119.9845679012346,1720.0567502986858,698.9247311827957,1079.861111111111,573.8500597371565,331.9830247,202.99432497013143,140.0089605734767,154.01785714285714,187.0146356033453,627.9868578255675
1987-04-30,358.9891975308642,849.0143369175627,1119.9845679012346,1720.0567502986858,698.9247311827957,1079.861111111111,573.8500597371565,331.9830247,202.99432497013143,140.0089605734767,154.01785714285714,187.0146356033453,257.6388888888889,373.9969135802469
1987-05-31,849.0143369175627,1119.9845679012346,1720.0567502986858,698.9247311827957,1079.861111111111,573.8500597371565,331.9830247,202.99432497013143,140.0089605734767,154.01785714285714,187.0146356033453,257.6388888888889,533.9008363201912,433.09438470728793
1987-06-30,1119.9845679012346,1720.0567502986858,698.9247311827957,1079.861111111111,573.8500597371565,331.9830247,202.99432497013143,140.0089605734767,154.01785714285714,187.0146356033453,257.6388888888889,533.9008363201912,1130.0154320987654,587.5771604938271
1987-07-31,1720.0567502986858,698.9247311827957,1079.861111111111,573.8500597371565,331.9830247,202.99432497013143,140.0089605734767,154.01785714285714,187.0146356033453,257.6388888888889,533.9008363201912,1130.0154320987654,1640.1583034647551,816.1589008363202
1987-08-31,698.9247311827957,1079.861111111111,573.8500597371565,331.9830247,202.99432497013143,140.0089605734767,154.01785714285714,187.0146356033453,257.6388888888889,533.9008363201912,1130.0154320987654,1640.1583034647551,1009.931302270012,619.0262843488649
1987-09-30,1079.861111111111,573.8500597371565,331.9830247,202.99432497013143,140.0089605734767,154.01785714285714,187.0146356033453,257.6388888888889,533.9008363201912,1130.0154320987654,1640.1583034647551,1009.931302270012,631.1728395061729,318.016975308642
1987-10-31,573.8500597371565,331.9830247,202.99432497013143,140.0089605734767,154.01785714285714,187.0146356033453,257.6388888888889,533.9008363201912,1130.0154320987654,1640.1583034647551,1009.931302270012,631.1728395061729,532.0340501792115,244.99701314217444
1987-11-30,331.9830247,202.99432497013143,140.0089605734767,154.01785714285714,187.0146356033453,257.6388888888889,533.9008363201912,1130.0154320987654,1640.1583034647551,1009.931302270012,631.1728395061729,532.0340501792115,313.00154320987656,233.9891975308642
1987-12-31,202.99432497013143,140.0089605734767,154.01785714285714,187.0146356033453,257.6388888888889,533.9008363201912,1130.0154320987654,1640.1583034647551,1009.931302270012,631.1728395061729,532.0340501792115,313.00154320987656,165.99462365591398,417.0400238948626
1988-01-31,140.0089605734767,154.01785714285714,187.0146356033453,257.6388888888889,533.9008363201912,1130.0154320987654,1640.1583034647551,1009.931302270012,631.1728395061729,532.0340501792115,313.00154320987656,165.99462365591398,136.9847670250896,332.997311827957
1988-02-29,154.01785714285714,187.0146356033453,257.6388888888889,533.9008363201912,1130.0154320987654,1640.1583034647551,1009.931302270012,631.1728395061729,532.0340501792115,313.00154320987656,165.99462365591398,136.9847670250896,142.99968071519797,429.83716475095787
1988-03-31,187.0146356033453,257.6388888888889,533.9008363201912,1130.0154320987654,1640.1583034647551,1009.931302270012,631.1728395061729,532.0340501792115,313.00154320987656,165.99462365591398,136.9847670250896,142.99968071519797,215.9871565113501,502.9121863799283
1988-04-30,257.6388888888889,533.9008363201912,1130.0154320987654,1640.1583034647551,1009.931302270012,631.1728395061729,532.0340501792115,313.00154320987656,165.99462365591398,136.9847670250896,142.99968071519797,215.9871565113501,339.0046296296297,348.9969135802469
1988-05-31,533.9008363201912,1130.0154320987654,1640.1583034647551,1009.931302270012,631.1728395061729,532.0340501792115,313.00154320987656,165.99462365591398,136.9847670250896,142.99968071519797,215.9871565113501,339.0046296296297,400.98566308243727,443.17502986857824
1988-06-30,1130.0154320987654,1640.1583034647551,1009.931302270012,631.1728395061729,532.0340501792115,313.00154320987656,165.99462365591398,136.9847670250896,142.99968071519797,215.9871565113501,339.0046296296297,400.98566308243727,790.1234567901234,834.104938271605
1988-07-31,1640.1583034647551,1009.931302270012,631.1728395061729,532.0340501792115,313.00154320987656,165.99462365591398,136.9847670250896,142.99968071519797,215.9871565113501,339.0046296296297,400.98566308243727,790.1234567901234,800.1045400238949,701.9115890083632
1988-08-31,1009.931302270012,631.1728395061729,532.0340501792115,313.00154320987656,165.99462365591398,136.9847670250896,142.99968071519797,215.9871565113501,339.0046296296297,400.98566308243727,790.1234567901234,800.1045400238949,529.0471923536439,1780.1672640382317
1988-09-30,631.1728395061729,532.0340501792115,313.00154320987656,165.99462365591398,136.9847670250896,142.99968071519797,215.9871565113501,339.0046296296297,400.98566308243727,790.1234567901234,800.1045400238949,529.0471923536439,788.9660494,616.8981481481482
1988-10-31,532.0340501792115,313.00154320987656,165.99462365591398,136.9847670250896,142.99968071519797,215.9871565113501,339.0046296296297,400.98566308243727,790.1234567901234,800.1045400238949,529.0471923536439,788.9660494,1220.131421744325,620.1463560334528
1988-11-30,313.00154320987656,165.99462365591398,136.9847670250896,142.99968071519797,215.9871565113501,339.0046296296297,400.98566308243727,790.1234567901234,800.1045400238949,529.0471923536439,788.9660494,1220.131421744325,611.1111111111111,567.1296296296297
1988-12-31,165.99462365591398,136.9847670250896,142.99968071519797,215.9871565113501,339.0046296296297,400.98566308243727,790.1234567901234,800.1045400238949,529.0471923536439,788.9660494,1220.131421744325,611.1111111111111,256.0110513739546,536.1409796893668
1989-01-31,136.9847670250896,142.99968071519797,215.9871565113501,339.0046296296297,400.98566308243727,790.1234567901234,800.1045400238949,529.0471923536439,788.9660494,1220.131421744325,611.1111111111111,256.0110513739546,164.0158303464755,666.0692951015532
1989-02-28,142.99968071519797,215.9871565113501,339.0046296296297,400.98566308243727,790.1234567901234,800.1045400238949,529.0471923536439,788.9660494,1220.131421744325,611.1111111111111,256.0110513739546,164.0158303464755,157.0064484126984,467.09656084656086
1989-03-31,215.9871565113501,339.0046296296297,400.98566308243727,790.1234567901234,800.1045400238949,529.0471923536439,788.9660494,1220.131421744325,611.1111111111111,256.0110513739546,164.0158303464755,157.0064484126984,267.9958183990442,477.1505376344086
1989-04-30,339.0046296296297,400.98566308243727,790.1234567901234,800.1045400238949,529.0471923536439,788.9660494,1220.131421744325,611.1111111111111,256.0110513739546,164.0158303464755,157.0064484126984,267.9958183990442,375.00000000000006,451.00308641975306
1989-05-31,400.98566308243727,790.1234567901234,800.1045400238949,529.0471923536439,788.9660494,1220.131421744325,611.1111111111111,256.0110513739546,164.0158303464755,157.0064484126984,267.9958183990442,375.00000000000006,880.0029868578256,672.0430107526881
1989-06-30,790.1234567901234,800.1045400238949,529.0471923536439,788.9660494,1220.131421744325,611.1111111111111,256.0110513739546,164.0158303464755,157.0064484126984,267.9958183990442,375.00000000000006,880.0029868578256,2390.046296296296,711.033950617284
1989-07-31,800.1045400238949,529.0471923536439,788.9660494,1220.131421744325,611.1111111111111,256.0110513739546,164.0158303464755,157.0064484126984,267.9958183990442,375.00000000000006,880.0029868578256,2390.046296296296,2339.8297491039425,918.8321385902032
1989-08-31,529.0471923536439,788.9660494,1220.131421744325,611.1111111111111,256.0110513739546,164.0158303464755,157.0064484126984,267.9958183990442,375.00000000000006,880.0029868578256,2390.046296296296,2339.8297491039425,1920.1762246117084,710.8721624850657
1989-09-30,788.9660494,1220.131421744325,611.1111111111111,256.0110513739546,164.0158303464755,157.0064484126984,267.9958183990442,375.00000000000006,880.0029868578256,2390.046296296296,2339.8297491039425,1920.1762246117084,1829.861111111111,1706.4043209876545
1989-10-31,1220.131421744325,611.1111111111111,256.0110513739546,164.0158303464755,157.0064484126984,267.9958183990442,375.00000000000006,880.0029868578256,2390.046296296296,2339.8297491039425,1920.1762246117084,1829.861111111111,1149.9402628434889,760.1553166069295
1989-11-30,611.1111111111111,256.0110513739546,164.0158303464755,157.0064484126984,267.9958183990442,375.00000000000006,880.0029868578256,2390.046296296296,2339.8297491039425,1920.1762246117084,1829.861111111111,1149.9402628434889,636.9598765432099,528.9351851851852
1989-12-31,256.0110513739546,164.0158303464755,157.0064484126984,267.9958183990442,375.00000000000006,880.0029868578256,2390.046296296296,2339.8297491039425,1920.1762246117084,1829.861111111111,1149.9402628434889,636.9598765432099,317.01762246117084,452.8823178016726
1990-01-31,164.0158303464755,157.0064484126984,267.9958183990442,375.00000000000006,880.0029868578256,2390.046296296296,2339.8297491039425,1920.1762246117084,1829.861111111111,1149.9402628434889,636.9598765432099,317.01762246117084,252.9868578255675,635.0806451612904
1990-02-28,157.0064484126984,267.9958183990442,375.00000000000006,880.0029868578256,2390.046296296296,2339.8297491039425,1920.1762246117084,1829.861111111111,1149.9402628434889,636.9598765432099,317.01762246117084,252.9868578255675,249.0079365079365,660.135582010582
1990-03-31,267.9958183990442,375.00000000000006,880.0029868578256,2390.046296296296,2339.8297491039425,1920.1762246117084,1829.861111111111,1149.9402628434889,636.9598765432099,317.01762246117084,252.9868578255675,249.0079365079365,285.9916367980884,679.8835125448029
1990-04-30,375.00000000000006,880.0029868578256,2390.046296296296,2339.8297491039425,1920.1762246117084,1829.861111111111,1149.9402628434889,636.9598765432099,317.01762246117084,252.9868578255675,249.0079365079365,285.9916367980884,361.9984567901234,662.8086419753087
1990-05-31,880.0029868578256,2390.046296296296,2339.8297491039425,1920.1762246117084,1829.861111111111,1149.9402628434889,636.9598765432099,317.01762246117084,252.9868578255675,249.0079365079365,285.9916367980884,361.9984567901234,697.0579450418161,1040.1732377538829
1990-06-30,2390.046296296296,2339.8297491039425,1920.1762246117084,1829.861111111111,1149.9402628434889,636.9598765432099,317.01762246117084,252.9868578255675,249.0079365079365,285.9916367980884,361.9984567901234,697.0579450418161,728.0092592592592,900.8487654320988
1990-07-31,2339.8297491039425,1920.1762246117084,1829.861111111111,1149.9402628434889,636.9598765432099,317.01762246117084,252.9868578255675,249.0079365079365,285.9916367980884,361.9984567901234,697.0579450418161,728.0092592592592,762.0221027479092,710.1254480286739
1990-08-31,1920.1762246117084,1829.861111111111,1149.9402628434889,636.9598765432099,317.01762246117084,252.9868578255675,249.0079365079365,285.9916367980884,361.9984567901234,697.0579450418161,728.0092592592592,762.0221027479092,807.9450418160095,618.279569892473
1990-09-30,1829.861111111111,1149.9402628434889,636.9598765432099,317.01762246117084,252.9868578255675,249.0079365079365,285.9916367980884,361.9984567901234,697.0579450418161,728.0092592592592,762.0221027479092,807.9450418160095,957.1759259,638.8888888888888
1990-10-31,1149.9402628434889,636.9598765432099,317.01762246117084,252.9868578255675,249.0079365079365,285.9916367980884,361.9984567901234,697.0579450418161,728.0092592592592,762.0221027479092,807.9450418160095,957.1759259,681.0035842293906,586.1708482676224
1990-11-30,636.9598765432099,317.01762246117084,252.9868578255675,249.0079365079365,285.9916367980884,361.9984567901234,697.0579450418161,728.0092592592592,762.0221027479092,807.9450418160095,957.1759259,681.0035842293906,400.0771604938272,520.0617283950618
1990-12-31,317.01762246117084,252.9868578255675,249.0079365079365,285.9916367980884,361.9984567901234,697.0579450418161,728.0092592592592,762.0221027479092,807.9450418160095,957.1759259,681.0035842293906,400.0771604938272,213.00029868578247,617.1594982078853
1991-01-31,252.9868578255675,249.0079365079365,285.9916367980884,361.9984567901234,697.0579450418161,728.0092592592592,762.0221027479092,807.9450418160095,957.1759259,681.0035842293906,400.0771604938272,213.00029868578247,133.9979091995221,604.0919952210274
1991-02-28,249.0079365079365,285.9916367980884,361.9984567901234,697.0579450418161,728.0092592592592,762.0221027479092,807.9450418160095,957.1759259,681.0035842293906,400.0771604938272,213.00029868578247,133.9979091995221,139.01289682539684,574.156746031746
1991-03-31,285.9916367980884,361.9984567901234,697.0579450418161,728.0092592592592,762.0221027479092,807.9450418160095,957.1759259,681.0035842293906,400.0771604938272,213.00029868578247,133.9979091995221,139.01289682539684,198.9994026284349,614.1726403823178
1991-04-30,361.9984567901234,697.0579450418161,728.0092592592592,762.0221027479092,807.9450418160095,957.1759259,681.0035842293906,400.0771604938272,213.00029868578247,133.9979091995221,139.01289682539684,198.9994026284349,242.01388888888889,518.1327160493827
1991-05-31,697.0579450418161,728.0092592592592,762.0221027479092,807.9450418160095,957.1759259,681.0035842293906,400.0771604938272,213.00029868578247,133.9979091995221,139.01289682539684,198.9994026284349,242.01388888888889,445.0418160095579,582.0639187574671
1991-06-30,728.0092592592592,762.0221027479092,807.9450418160095,957.1759259,681.0035842293906,400.0771604938272,213.00029868578247,133.9979091995221,139.01289682539684,198.9994026284349,242.01388888888889,445.0418160095579,555.1697530864197,724.1512345679013
1991-07-31,762.0221027479092,807.9450418160095,957.1759259,681.0035842293906,400.0771604938272,213.00029868578247,133.9979091995221,139.01289682539684,198.9994026284349,242.01388888888889,445.0418160095579,555.1697530864197,827.7329749103943,823.9994026284348
1991-08-31,807.9450418160095,957.1759259,681.0035842293906,400.0771604938272,213.00029868578247,133.9979091995221,139.01289682539684,198.9994026284349,242.01388888888889,445.0418160095579,555.1697530864197,827.7329749103943,1130.152329749104,869.9223416965352
1991-09-30,957.1759259,681.0035842293906,400.0771604938272,213.00029868578247,133.9979091995221,139.01289682539684,198.9994026284349,242.01388888888889,445.0418160095579,555.1697530864197,827.7329749103943,1130.152329749104,734.9537037037037,579.0895061728395
1991-10-31,681.0035842293906,400.0771604938272,213.00029868578247,133.9979091995221,139.01289682539684,198.9994026284349,242.01388888888889,445.0418160095579,555.1697530864197,827.7329749103943,1130.152329749104,734.9537037037037,638.8142174432497,552.942054958184
1991-11-30,400.0771604938272,213.00029868578247,133.9979091995221,139.01289682539684,198.9994026284349,242.01388888888889,445.0418160095579,555.1697530864197,827.7329749103943,1130.152329749104,734.9537037037037,638.8142174432497,391.9753086419753,731.0956790123457
1991-12-31,213.00029868578247,133.9979091995221,139.01289682539684,198.9994026284349,242.01388888888889,445.0418160095579,555.1697530864197,827.7329749103943,1130.152329749104,734.9537037037037,638.8142174432497,391.9753086419753,205.01045400238948,341.9952210274791
1992-01-31,133.9979091995221,139.01289682539684,198.9994026284349,242.01388888888889,445.0418160095579,555.1697530864197,827.7329749103943,1130.152329749104,734.9537037037037,638.8142174432497,391.9753086419753,205.01045400238948,145.9826762246117,678.0167264038232
1992-02-29,139.01289682539684,198.9994026284349,242.01388888888889,445.0418160095579,555.1697530864197,827.7329749103943,1130.152329749104,734.9537037037037,638.8142174432497,391.9753086419753,205.01045400238948,145.9826762246117,144.99521072796935,399.90421455938696
1992-03-31,198.9994026284349,242.01388888888889,445.0418160095579,555.1697530864197,827.7329749103943,1130.152329749104,734.9537037037037,638.8142174432497,391.9753086419753,205.01045400238948,145.9826762246117,144.99521072796935,182.9823775388292,359.9910394265233
1992-04-30,242.01388888888889,445.0418160095579,555.1697530864197,827.7329749103943,1130.152329749104,734.9537037037037,638.8142174432497,391.9753086419753,205.01045400238948,145.9826762246117,144.99521072796935,182.9823775388292,366.0108024691358,400.0771604938272
1992-05-31,445.0418160095579,555.1697530864197,827.7329749103943,1130.152329749104,734.9537037037037,638.8142174432497,391.9753086419753,205.01045400238948,145.9826762246117,144.99521072796935,182.9823775388292,366.0108024691358,452.8823178016726,548.8351254480286
1992-06-30,555.1697530864197,827.7329749103943,1130.152329749104,734.9537037037037,638.8142174432497,391.9753086419753,205.01045400238948,145.9826762246117,144.99521072796935,182.9823775388292,366.0108024691358,452.8823178016726,800.9259259,710.6481481481483
1992-07-31,827.7329749103943,1130.152329749104,734.9537037037037,638.8142174432497,391.9753086419753,205.01045400238948,145.9826762246117,144.99521072796935,182.9823775388292,366.0108024691358,452.8823178016726,800.9259259,1760.0059737156512,616.0394265232975
1992-08-31,1130.152329749104,734.9537037037037,638.8142174432497,391.9753086419753,205.01045400238948,145.9826762246117,144.99521072796935,182.9823775388292,366.0108024691358,452.8823178016726,800.9259259,1760.0059737156512,1040.1732377538829,582.0639187574671
1992-09-30,734.9537037037037,638.8142174432497,391.9753086419753,205.01045400238948,145.9826762246117,144.99521072796935,182.9823775388292,366.0108024691358,452.8823178016726,800.9259259,1760.0059737156512,1040.1732377538829,1079.861111111111,368.9814814814815
1992-10-31,638.8142174432497,391.9753086419753,205.01045400238948,145.9826762246117,144.99521072796935,182.9823775388292,366.0108024691358,452.8823178016726,800.9259259,1760.0059737156512,1040.1732377538829,1079.861111111111,1009.931302270012,241.0020908004779
1992-11-30,391.9753086419753,205.01045400238948,145.9826762246117,144.99521072796935,182.9823775388292,366.0108024691358,452.8823178016726,800.9259259,1760.0059737156512,1040.1732377538829,1079.861111111111,1009.931302270012,396.9907407407407,542.824074074074
1992-12-31,205.01045400238948,145.9826762246117,144.99521072796935,182.9823775388292,366.0108024691358,452.8823178016726,800.9259259,1760.0059737156512,1040.1732377538829,1079.861111111111,1009.931302270012,396.9907407407407,193.99641577060933,691.8309438470728
1993-01-31,145.9826762246117,144.99521072796935,182.9823775388292,366.0108024691358,452.8823178016726,800.9259259,1760.0059737156512,1040.1732377538829,1079.861111111111,1009.931302270012,396.9907407407407,193.99641577060933,173.01373954599762,551.0752688172043
1993-02-28,144.99521072796935,182.9823775388292,366.0108024691358,452.8823178016726,800.9259259,1760.0059737156512,1040.1732377538829,1079.861111111111,1009.931302270012,396.9907407407407,193.99641577060933,173.01373954599762,176.00859788359787,644.0145502645503
1993-03-31,182.9823775388292,366.0108024691358,452.8823178016726,800.9259259,1760.0059737156512,1040.1732377538829,1079.861111111111,1009.931302270012,396.9907407407407,193.99641577060933,173.01373954599762,176.00859788359787,234.9910394265233,508.1391875746714
1993-04-30,366.0108024691358,452.8823178016726,800.9259259,1760.0059737156512,1040.1732377538829,1079.861111111111,1009.931302270012,396.9907407407407,193.99641577060933,173.01373954599762,176.00859788359787,234.9910394265233,484.1820987654321,506.94444444444446
1993-05-31,452.8823178016726,800.9259259,1760.0059737156512,1040.1732377538829,1079.861111111111,1009.931302270012,396.9907407407407,193.99641577060933,173.01373954599762,176.00859788359787,234.9910394265233,484.1820987654321,701.1648745519714,598.1182795698925
1993-06-30,800.9259259,1760.0059737156512,1040.1732377538829,1079.861111111111,1009.931302270012,396.9907407407407,193.99641577060933,173.01373954599762,176.00859788359787,234.9910394265233,484.1820987654321,701.1648745519714,993.8271604938273,734.9537037037037
1993-07-31,1760.0059737156512,1040.1732377538829,1079.861111111111,1009.931302270012,396.9907407407407,193.99641577060933,173.01373954599762,176.00859788359787,234.9910394265233,484.1820987654321,701.1648745519714,993.8271604938273,1400.089605734767,686.9772998805256
1993-08-31,1040.1732377538829,1079.861111111111,1009.931302270012,396.9907407407407,193.99641577060933,173.01373954599762,176.00859788359787,234.9910394265233,484.1820987654321,701.1648745519714,993.8271604938273,1400.089605734767,1619.9970131421744,745.9677419354839
1993-09-30,1079.861111111111,1009.931302270012,396.9907407407407,193.99641577060933,173.01373954599762,176.00859788359787,234.9910394265233,484.1820987654321,701.1648745519714,993.8271604938273,1400.089605734767,1619.9970131421744,1089.891975308642,804.0123456790124
1993-10-31,1009.931302270012,396.9907407407407,193.99641577060933,173.01373954599762,176.00859788359787,234.9910394265233,484.1820987654321,701.1648745519714,993.8271604938273,1400.089605734767,1619.9970131421744,1089.891975308642,747.0878136200718,611.9324970131422
1993-11-30,396.9907407407407,193.99641577060933,173.01373954599762,176.00859788359787,234.9910394265233,484.1820987654321,701.1648745519714,993.8271604938273,1400.089605734767,1619.9970131421744,1089.891975308642,747.0878136200718,442.9012345679012,592.9783950617284
1993-12-31,193.99641577060933,173.01373954599762,176.00859788359787,234.9910394265233,484.1820987654321,701.1648745519714,993.8271604938273,1400.089605734767,1619.9970131421744,1089.891975308642,747.0878136200718,442.9012345679012,202.99432497013143,595.1314217443249
1994-01-31,173.01373954599762,176.00859788359787,234.9910394265233,484.1820987654321,701.1648745519714,993.8271604938273,1400.089605734767,1619.9970131421744,1089.891975308642,747.0878136200718,442.9012345679012,202.99432497013143,161.99970131421748,651.1350059737157
1994-02-28,176.00859788359787,234.9910394265233,484.1820987654321,701.1648745519714,993.8271604938273,1400.089605734767,1619.9970131421744,1089.891975308642,747.0878136200718,442.9012345679012,202.99432497013143,161.99970131421748,159.01951058201058,689.0707671957673
1994-03-31,234.9910394265233,484.1820987654321,701.1648745519714,993.8271604938273,1400.089605734767,1619.9970131421744,1089.891975308642,747.0878136200718,442.9012345679012,202.99432497013143,161.99970131421748,159.01951058201058,193.99641577060933,729.9133811230586
1994-04-30,484.1820987654321,701.1648745519714,993.8271604938273,1400.089605734767,1619.9970131421744,1089.891975308642,747.0878136200718,442.9012345679012,202.99432497013143,161.99970131421748,159.01951058201058,193.99641577060933,496.9135802469136,643.9043209876544
1994-05-31,701.1648745519714,993.8271604938273,1400.089605734767,1619.9970131421744,1089.891975308642,747.0878136200718,442.9012345679012,202.99432497013143,161.99970131421748,159.01951058201058,193.99641577060933,496.9135802469136,635.0806451612904,894.9372759856631
1994-06-30,993.8271604938273,1400.089605734767,1619.9970131421744,1089.891975308642,747.0878136200718,442.9012345679012,202.99432497013143,161.99970131421748,159.01951058201058,193.99641577060933,496.9135802469136,635.0806451612904,1150.0771604938273,724.9228395061729
1994-07-31,1400.089605734767,1619.9970131421744,1089.891975308642,747.0878136200718,442.9012345679012,202.99432497013143,161.99970131421748,159.01951058201058,193.99641577060933,496.9135802469136,635.0806451612904,1150.0771604938273,1020.0119474313022,583.9307048984468
1994-08-31,1619.9970131421744,1089.891975308642,747.0878136200718,442.9012345679012,202.99432497013143,161.99970131421748,159.01951058201058,193.99641577060933,496.9135802469136,635.0806451612904,1150.0771604938273,1020.0119474313022,589.1577061,734.0203106332139
1994-09-30,1089.891975308642,747.0878136200718,442.9012345679012,202.99432497013143,161.99970131421748,159.01951058201058,193.99641577060933,496.9135802469136,635.0806451612904,1150.0771604938273,1020.0119474313022,589.1577061,702.9320987654321,663.966049382716
1994-10-31,747.0878136200718,442.9012345679012,202.99432497013143,161.99970131421748,159.01951058201058,193.99641577060933,496.9135802469136,635.0806451612904,1150.0771604938273,1020.0119474313022,589.1577061,702.9320987654321,574.9701314217443,632.0937873357228
1994-11-30,442.9012345679012,202.99432497013143,161.99970131421748,159.01951058201058,193.99641577060933,496.9135802469136,635.0806451612904,1150.0771604938273,1020.0119474313022,589.1577061,702.9320987654321,574.9701314217443,339.0046296296297,599.9228395061729
1994-12-31,202.99432497013143,161.99970131421748,159.01951058201058,193.99641577060933,496.9135802469136,635.0806451612904,1150.0771604938273,1020.0119474313022,589.1577061,702.9320987654321,574.9701314217443,339.0046296296297,159.98357228195937,703.0316606929509
1995-01-31,161.99970131421748,159.01951058201058,193.99641577060933,496.9135802469136,635.0806451612904,1150.0771604938273,1020.0119474313022,589.1577061,702.9320987654321,574.9701314217443,339.0046296296297,159.98357228195937,130.00298685782556,704.8984468339307
1995-02-28,159.01951058201058,193.99641577060933,496.9135802469136,635.0806451612904,1150.0771604938273,1020.0119474313022,589.1577061,702.9320987654321,574.9701314217443,339.0046296296297,159.98357228195937,130.00298685782556,121.98247354497354,689.8974867724869
1995-03-31,193.99641577060933,496.9135802469136,635.0806451612904,1150.0771604938273,1020.0119474313022,589.1577061,702.9320987654321,574.9701314217443,339.0046296296297,159.98357228195937,130.00298685782556,121.98247354497354,176.00059737156514,636.9474313022699
1995-04-30,496.9135802469136,635.0806451612904,1150.0771604938273,1020.0119474313022,589.1577061,702.9320987654321,574.9701314217443,339.0046296296297,159.98357228195937,130.00298685782556,121.98247354497354,176.00059737156514,395.8333333333333,430.16975308641975
1995-05-31,635.0806451612904,1150.0771604938273,1020.0119474313022,589.1577061,702.9320987654321,574.9701314217443,339.0046296296297,159.98357228195937,130.00298685782556,121.98247354497354,176.00059737156514,395.8333333333333,714.979092,589.15770609319
1995-06-30,1150.0771604938273,1020.0119474313022,589.1577061,702.9320987654321,574.9701314217443,339.0046296296297,159.98357228195937,130.00298685782556,121.98247354497354,176.00059737156514,395.8333333333333,714.979092,559.0277777777778,750.0000000000001
1995-07-31,1020.0119474313022,589.1577061,702.9320987654321,574.9701314217443,339.0046296296297,159.98357228195937,130.00298685782556,121.98247354497354,176.00059737156514,395.8333333333333,714.979092,559.0277777777778,532.0340501792115,716.0991636798088
1995-08-31,589.1577061,702.9320987654321,574.9701314217443,339.0046296296297,159.98357228195937,130.00298685782556,121.98247354497354,176.00059737156514,395.8333333333333,714.979092,559.0277777777778,532.0340501792115,984.9163679808842,533.9008363201912
1995-09-30,702.9320987654321,574.9701314217443,339.0046296296297,159.98357228195937,130.00298685782556,121.98247354497354,176.00059737156514,395.8333333333333,714.979092,559.0277777777778,532.0340501792115,984.9163679808842,998.8425925925926,609.9537037037037
1995-10-31,574.9701314217443,339.0046296296297,159.98357228195937,130.00298685782556,121.98247354497354,176.00059737156514,395.8333333333333,714.979092,559.0277777777778,532.0340501792115,984.9163679808842,998.8425925925926,673.1630824,655.9886499402628
1995-11-30,339.0046296296297,159.98357228195937,130.00298685782556,121.98247354497354,176.00059737156514,395.8333333333333,714.979092,559.0277777777778,532.0340501792115,984.9163679808842,998.8425925925926,673.1630824,415.89506172839504,621.9135802469136
1995-12-31,159.98357228195937,130.00298685782556,121.98247354497354,176.00059737156514,395.8333333333333,714.979092,559.0277777777778,532.0340501792115,984.9163679808842,998.8425925925926,673.1630824,415.89506172839504,213.00029868578247,344.01135005973714
1996-01-31,130.00298685782556,121.98247354497354,176.00059737156514,395.8333333333333,714.979092,559.0277777777778,532.0340501792115,984.9163679808842,998.8425925925926,673.1630824,415.89506172839504,213.00029868578247,136.9847670250896,464.8297491039427
1996-02-29,121.98247354497354,176.00059737156514,395.8333333333333,714.979092,559.0277777777778,532.0340501792115,984.9163679808842,998.8425925925926,673.1630824,415.89506172839504,213.00029868578247,136.9847670250896,145.99297573435504,502.0753512132823
1996-03-31,176.00059737156514,395.8333333333333,714.979092,559.0277777777778,532.0340501792115,984.9163679808842,998.8425925925926,673.1630824,415.89506172839504,213.00029868578247,136.9847670250896,145.99297573435504,207.9973118,455.86917562724017
1996-04-30,395.8333333333333,714.979092,559.0277777777778,532.0340501792115,984.9163679808842,998.8425925925926,673.1630824,415.89506172839504,213.00029868578247,136.9847670250896,145.99297573435504,207.9973118,331.01851851851853,330.0154320987654
1996-05-31,714.979092,559.0277777777778,532.0340501792115,984.9163679808842,998.8425925925926,673.1630824,415.89506172839504,213.00029868578247,136.9847670250896,145.99297573435504,207.9973118,331.01851851851853,557.0489844683393,529.0471923536439
1996-06-30,559.0277777777778,532.0340501792115,984.9163679808842,998.8425925925926,673.1630824,415.89506172839504,213.00029868578247,136.9847670250896,145.99297573435504,207.9973118,331.01851851851853,557.0489844683393,787.8086419753088,520.8333333333334
1996-07-31,532.0340501792115,984.9163679808842,998.8425925925926,673.1630824,415.89506172839504,213.00029868578247,136.9847670250896,145.99297573435504,207.9973118,331.01851851851853,557.0489844683393,787.8086419753088,650.0149342891278,666.0692951015532
1996-08-31,984.9163679808842,998.8425925925926,673.1630824,415.89506172839504,213.00029868578247,136.9847670250896,145.99297573435504,207.9973118,331.01851851851853,557.0489844683393,787.8086419753088,650.0149342891278,713.8590203106332,661.9623655913979
1996-09-30,998.8425925925926,673.1630824,415.89506172839504,213.00029868578247,136.9847670250896,145.99297573435504,207.9973118,331.01851851851853,557.0489844683393,787.8086419753088,650.0149342891278,713.8590203106332,645.8333333333333,582.175925925926
1996-10-31,673.1630824,415.89506172839504,213.00029868578247,136.9847670250896,145.99297573435504,207.9973118,331.01851851851853,557.0489844683393,787.8086419753088,650.0149342891278,713.8590203106332,645.8333333333333,595.1314217443249,378.9575866188769
1996-11-30,415.89506172839504,213.00029868578247,136.9847670250896,145.99297573435504,207.9973118,331.01851851851853,557.0489844683393,787.8086419753088,650.0149342891278,713.8590203106332,645.8333333333333,595.1314217443249,355.0154320987654,461.033950617284
1996-12-31,213.00029868578247,136.9847670250896,145.99297573435504,207.9973118,331.01851851851853,557.0489844683393,787.8086419753088,650.0149342891278,713.8590203106332,645.8333333333333,595.1314217443249,355.0154320987654,178.01672640382318,486.85782556750297
1997-01-31,136.9847670250896,145.99297573435504,207.9973118,331.01851851851853,557.0489844683393,787.8086419753088,650.0149342891278,713.8590203106332,645.8333333333333,595.1314217443249,355.0154320987654,178.01672640382318,131.0110513739546,406.9593787335723
1997-02-28,145.99297573435504,207.9973118,331.01851851851853,557.0489844683393,787.8086419753088,650.0149342891278,713.8590203106332,645.8333333333333,595.1314217443249,355.0154320987654,178.01672640382318,131.0110513739546,118.01421957671958,391.9890873015873
1997-03-31,207.9973118,331.01851851851853,557.0489844683393,787.8086419753088,650.0149342891278,713.8590203106332,645.8333333333333,595.1314217443249,355.0154320987654,178.01672640382318,131.0110513739546,118.01421957671958,201.0155316606929,275.01493428912784
1997-04-30,331.01851851851853,557.0489844683393,787.8086419753088,650.0149342891278,713.8590203106332,645.8333333333333,595.1314217443249,355.0154320987654,178.01672640382318,131.0110513739546,118.01421957671958,201.0155316606929,284.99228395061726,339.0046296296297
1997-05-31,557.0489844683393,787.8086419753088,650.0149342891278,713.8590203106332,645.8333333333333,595.1314217443249,355.0154320987654,178.01672640382318,131.0110513739546,118.01421957671958,201.0155316606929,284.99228395061726,804.9581839904421,455.1224611708483
1997-06-30,787.8086419753088,650.0149342891278,713.8590203106332,645.8333333333333,595.1314217443249,355.0154320987654,178.01672640382318,131.0110513739546,118.01421957671958,201.0155316606929,284.99228395061726,804.9581839904421,721.8364197530864,667.0524691358024
1997-07-31,650.0149342891278,713.8590203106332,645.8333333333333,595.1314217443249,355.0154320987654,178.01672640382318,131.0110513739546,118.01421957671958,201.0155316606929,284.99228395061726,804.9581839904421,721.8364197530864,809.8118279569892,527.9271206690562
1997-08-31,713.8590203106332,645.8333333333333,595.1314217443249,355.0154320987654,178.01672640382318,131.0110513739546,118.01421957671958,201.0155316606929,284.99228395061726,804.9581839904421,721.8364197530864,809.8118279569892,642.1744324970132,293.98148148148147
1997-09-30,645.8333333333333,595.1314217443249,355.0154320987654,178.01672640382318,131.0110513739546,118.01421957671958,201.0155316606929,284.99228395061726,804.9581839904421,721.8364197530864,809.8118279569892,642.1744324970132,498.8425925925926,474.92283950617286
1997-10-31,595.1314217443249,355.0154320987654,178.01672640382318,131.0110513739546,118.01421957671958,201.0155316606929,284.99228395061726,804.9581839904421,721.8364197530864,809.8118279569892,642.1744324970132,498.8425925925926,483.1242532855436,620.1463560334528
1997-11-30,355.0154320987654,178.01672640382318,131.0110513739546,118.01421957671958,201.0155316606929,284.99228395061726,804.9581839904421,721.8364197530864,809.8118279569892,642.1744324970132,498.8425925925926,483.1242532855436,318.0169753,532.0216049382716
1997-12-31,178.01672640382318,131.0110513739546,118.01421957671958,201.0155316606929,284.99228395061726,804.9581839904421,721.8364197530864,809.8118279569892,642.1744324970132,498.8425925925926,483.1242532855436,318.0169753,173.01373954599762,424.1338112305854
1998-01-31,131.0110513739546,118.01421957671958,201.0155316606929,284.99228395061726,804.9581839904421,721.8364197530864,809.8118279569892,642.1744324970132,498.8425925925926,483.1242532855436,318.0169753,173.01373954599762,137.90322580645162,387.9181600955794
1998-02-28,118.01421957671958,201.0155316606929,284.99228395061726,804.9581839904421,721.8364197530864,809.8118279569892,642.1744324970132,498.8425925925926,483.1242532855436,318.0169753,173.01373954599762,137.90322580645162,143.14285714285714,342.01388888888886
1998-03-31,201.0155316606929,284.99228395061726,804.9581839904421,721.8364197530864,809.8118279569892,642.1744324970132,498.8425925925926,483.1242532855436,318.0169753,173.01373954599762,137.90322580645162,143.14285714285714,181.2903225806452,331.989247311828
1998-04-30,284.99228395061726,804.9581839904421,721.8364197530864,809.8118279569892,642.1744324970132,498.8425925925926,483.1242532855436,318.0169753,173.01373954599762,137.90322580645162,143.14285714285714,181.2903225806452,402.6,291.0108024691358
1998-05-31,804.9581839904421,721.8364197530864,809.8118279569892,642.1744324970132,498.8425925925926,483.1242532855436,318.0169753,173.01373954599762,137.90322580645162,143.14285714285714,181.2903225806452,402.6,579.1935483870968,363.0152329749104
1998-06-30,721.8364197530864,809.8118279569892,642.1744324970132,498.8425925925926,483.1242532855436,318.0169753,173.01373954599762,137.90322580645162,143.14285714285714,181.2903225806452,402.6,579.1935483870968,539.0,582.9475308641976
1998-07-31,809.8118279569892,642.1744324970132,498.8425925925926,483.1242532855436,318.0169753,173.01373954599762,137.90322580645162,143.14285714285714,181.2903225806452,402.6,579.1935483870968,539.0,1039.741935483871,390.905017921147
1998-08-31,642.1744324970132,498.8425925925926,483.1242532855436,318.0169753,173.01373954599762,137.90322580645162,143.14285714285714,181.2903225806452,402.6,579.1935483870968,539.0,1039.741935483871,1189.9354838709678,417.0400238948626
1998-09-30,498.8425925925926,483.1242532855436,318.0169753,173.01373954599762,137.90322580645162,143.14285714285714,181.2903225806452,402.6,579.1935483870968,539.0,1039.741935483871,1189.9354838709678,1188.0,481.86728395061726
1998-10-31,483.1242532855436,318.0169753,173.01373954599762,137.90322580645162,143.14285714285714,181.2903225806452,402.6,579.1935483870968,539.0,1039.741935483871,1189.9354838709678,1188.0,847.0,529.0471923536439
1998-11-30,318.0169753,173.01373954599762,137.90322580645162,143.14285714285714,181.2903225806452,402.6,579.1935483870968,539.0,1039.741935483871,1189.9354838709678,1188.0,847.0,458.0,498.070987654321
1998-12-31,173.01373954599762,137.90322580645162,143.14285714285714,181.2903225806452,402.6,579.1935483870968,539.0,1039.741935483871,1189.9354838709678,1188.0,847.0,458.0,225.3548387096774,501.0454002389486
1999-01-31,137.90322580645162,143.14285714285714,181.2903225806452,402.6,579.1935483870968,539.0,1039.741935483871,1189.9354838709678,1188.0,847.0,458.0,225.3548387096774,152.87096774193552,492.4193548387097
1999-02-28,143.14285714285714,181.2903225806452,402.6,579.1935483870968,539.0,1039.741935483871,1189.9354838709678,1188.0,847.0,458.0,225.3548387096774,152.87096774193552,184.3571428571429,536.9642857142857
1999-03-31,181.2903225806452,402.6,579.1935483870968,539.0,1039.741935483871,1189.9354838709678,1188.0,847.0,458.0,225.3548387096774,152.87096774193552,184.3571428571429,224.5806451612904,557.9032258064516
1999-04-30,402.6,579.1935483870968,539.0,1039.741935483871,1189.9354838709678,1188.0,847.0,458.0,225.3548387096774,152.87096774193552,184.3571428571429,224.5806451612904,284.2,556.7333333333333
1999-05-31,579.1935483870968,539.0,1039.741935483871,1189.9354838709678,1188.0,847.0,458.0,225.3548387096774,152.87096774193552,184.3571428571429,224.5806451612904,284.2,360.8064516129032,532.0967741935484
1999-06-30,539.0,1039.741935483871,1189.9354838709678,1188.0,847.0,458.0,225.3548387096774,152.87096774193552,184.3571428571429,224.5806451612904,284.2,360.8064516129032,1529.4333333333336,629.7666666666667
1999-07-31,1039.741935483871,1189.9354838709678,1188.0,847.0,458.0,225.3548387096774,152.87096774193552,184.3571428571429,224.5806451612904,284.2,360.8064516129032,1529.4333333333336,2288.3870967741937,574.7096774193549
1999-08-31,1189.9354838709678,1188.0,847.0,458.0,225.3548387096774,152.87096774193552,184.3571428571429,224.5806451612904,284.2,360.8064516129032,1529.4333333333336,2288.3870967741937,1363.2580645161288,535.1612903225806
1999-09-30,1188.0,847.0,458.0,225.3548387096774,152.87096774193552,184.3571428571429,224.5806451612904,284.2,360.8064516129032,1529.4333333333336,2288.3870967741937,1363.2580645161288,855.1333333333333,616.1666666666666
1999-10-31,847.0,458.0,225.3548387096774,152.87096774193552,184.3571428571429,224.5806451612904,284.2,360.8064516129032,1529.4333333333336,2288.3870967741937,1363.2580645161288,855.1333333333333,1118.8064516129032,563.5483870967741
1999-11-30,458.0,225.3548387096774,152.87096774193552,184.3571428571429,224.5806451612904,284.2,360.8064516129032,1529.4333333333336,2288.3870967741937,1363.2580645161288,855.1333333333333,1118.8064516129032,552.8333333333334,571.0333333333333
1999-12-31,225.3548387096774,152.87096774193552,184.3571428571429,224.5806451612904,284.2,360.8064516129032,1529.4333333333336,2288.3870967741937,1363.2580645161288,855.1333333333333,1118.8064516129032,552.8333333333334,237.32258064516128,579.6129032258065
2000-01-31,152.87096774193552,184.3571428571429,224.5806451612904,284.2,360.8064516129032,1529.4333333333336,2288.3870967741937,1363.2580645161288,855.1333333333333,1118.8064516129032,552.8333333333334,237.32258064516128,170.32258064516128,620.5483870967743
2000-02-29,184.3571428571429,224.5806451612904,284.2,360.8064516129032,1529.4333333333336,2288.3870967741937,1363.2580645161288,855.1333333333333,1118.8064516129032,552.8333333333334,237.32258064516128,170.32258064516128,156.72413793103448,571.5862068965517
2000-03-31,224.5806451612904,284.2,360.8064516129032,1529.4333333333336,2288.3870967741937,1363.2580645161288,855.1333333333333,1118.8064516129032,552.8333333333334,237.32258064516128,170.32258064516128,156.72413793103448,191.83870967741933,515.0
2000-04-30,284.2,360.8064516129032,1529.4333333333336,2288.3870967741937,1363.2580645161288,855.1333333333333,1118.8064516129032,552.8333333333334,237.32258064516128,170.32258064516128,156.72413793103448,191.83870967741933,386.1333333333333,650.8
2000-05-31,360.8064516129032,1529.4333333333336,2288.3870967741937,1363.2580645161288,855.1333333333333,1118.8064516129032,552.8333333333334,237.32258064516128,170.32258064516128,156.72413793103448,191.83870967741933,386.1333333333333,439.8709677419355,622.2903225806451
2000-06-30,1529.4333333333336,2288.3870967741937,1363.2580645161288,855.1333333333333,1118.8064516129032,552.8333333333334,237.32258064516128,170.32258064516128,156.72413793103448,191.83870967741933,386.1333333333333,439.8709677419355,981.0333333333332,532.7333333333333
2000-07-31,2288.3870967741937,1363.2580645161288,855.1333333333333,1118.8064516129032,552.8333333333334,237.32258064516128,170.32258064516128,156.72413793103448,191.83870967741933,386.1333333333333,439.8709677419355,981.0333333333332,765.8387096774194,587.0645161290323
2000-08-31,1363.2580645161288,855.1333333333333,1118.8064516129032,552.8333333333334,237.32258064516128,170.32258064516128,156.72413793103448,191.83870967741933,386.1333333333333,439.8709677419355,981.0333333333332,765.8387096774194,742.9032258064516,576.0967741935484
2000-09-30,855.1333333333333,1118.8064516129032,552.8333333333334,237.32258064516128,170.32258064516128,156.72413793103448,191.83870967741933,386.1333333333333,439.8709677419355,981.0333333333332,765.8387096774194,742.9032258064516,827.5333333333332,443.5
2000-10-31,1118.8064516129032,552.8333333333334,237.32258064516128,170.32258064516128,156.72413793103448,191.83870967741933,386.1333333333333,439.8709677419355,981.0333333333332,765.8387096774194,742.9032258064516,827.5333333333332,670.8064516129032,552.4193548387096
2000-11-30,552.8333333333334,237.32258064516128,170.32258064516128,156.72413793103448,191.83870967741933,386.1333333333333,439.8709677419355,981.0333333333332,765.8387096774194,742.9032258064516,827.5333333333332,670.8064516129032,357.9,586.0666666666667
2000-12-31,237.32258064516128,170.32258064516128,156.72413793103448,191.83870967741933,386.1333333333333,439.8709677419355,981.0333333333332,765.8387096774194,742.9032258064516,827.5333333333332,670.8064516129032,357.9,170.3548387096774,490.03225806451616
2001-01-31,170.32258064516128,156.72413793103448,191.83870967741933,386.1333333333333,439.8709677419355,981.0333333333332,765.8387096774194,742.9032258064516,827.5333333333332,670.8064516129032,357.9,170.3548387096774,132.74193548387098,401.4516129032258
2001-02-28,156.72413793103448,191.83870967741933,386.1333333333333,439.8709677419355,981.0333333333332,765.8387096774194,742.9032258064516,827.5333333333332,670.8064516129032,357.9,170.3548387096774,132.74193548387098,141.64285714285714,454.3928571428572
2001-03-31,191.83870967741933,386.1333333333333,439.8709677419355,981.0333333333332,765.8387096774194,742.9032258064516,827.5333333333332,670.8064516129032,357.9,170.3548387096774,132.74193548387098,141.64285714285714,164.4193548387097,414.35483870967744
2001-04-30,386.1333333333333,439.8709677419355,981.0333333333332,765.8387096774194,742.9032258064516,827.5333333333332,670.8064516129032,357.9,170.3548387096774,132.74193548387098,141.64285714285714,164.4193548387097,304.96666666666664,404.8333333333333
2001-05-31,439.8709677419355,981.0333333333332,765.8387096774194,742.9032258064516,827.5333333333332,670.8064516129032,357.9,170.3548387096774,132.74193548387098,141.64285714285714,164.4193548387097,304.96666666666664,463.9354838709677,537.4516129032259
2001-06-30,981.0333333333332,765.8387096774194,742.9032258064516,827.5333333333332,670.8064516129032,357.9,170.3548387096774,132.74193548387098,141.64285714285714,164.4193548387097,304.96666666666664,463.9354838709677,816.0,543.7666666666667
2001-07-31,765.8387096774194,742.9032258064516,827.5333333333332,670.8064516129032,357.9,170.3548387096774,132.74193548387098,141.64285714285714,164.4193548387097,304.96666666666664,463.9354838709677,816.0,582.1612903225806,549.1290322580645
2001-08-31,742.9032258064516,827.5333333333332,670.8064516129032,357.9,170.3548387096774,132.74193548387098,141.64285714285714,164.4193548387097,304.96666666666664,463.9354838709677,816.0,582.1612903225806,523.6451612903226,578.483870967742
2001-09-30,827.5333333333332,670.8064516129032,357.9,170.3548387096774,132.74193548387098,141.64285714285714,164.4193548387097,304.96666666666664,463.9354838709677,816.0,582.1612903225806,523.6451612903226,761.3666666666667,449.23333333333335
2001-10-31,670.8064516129032,357.9,170.3548387096774,132.74193548387098,141.64285714285714,164.4193548387097,304.96666666666664,463.9354838709677,816.0,582.1612903225806,523.6451612903226,761.3666666666667,803.8064516129032,385.61290322580646
2001-11-30,357.9,170.3548387096774,132.74193548387098,141.64285714285714,164.4193548387097,304.96666666666664,463.9354838709677,816.0,582.1612903225806,523.6451612903226,761.3666666666667,803.8064516129032,367.36666666666673,620.5333333333333
2001-12-31,170.3548387096774,132.74193548387098,141.64285714285714,164.4193548387097,304.96666666666664,463.9354838709677,816.0,582.1612903225806,523.6451612903226,761.3666666666667,803.8064516129032,367.36666666666673,182.2258064516129,583.0
2002-01-31,132.74193548387098,141.64285714285714,164.4193548387097,304.96666666666664,463.9354838709677,816.0,582.1612903225806,523.6451612903226,761.3666666666667,803.8064516129032,367.36666666666673,182.2258064516129,121.35483870967742,357.9677419354839
2002-02-28,141.64285714285714,164.4193548387097,304.96666666666664,463.9354838709677,816.0,582.1612903225806,523.6451612903226,761.3666666666667,803.8064516129032,367.36666666666673,182.2258064516129,121.35483870967742,135.60714285714286,323.07142857142856
2002-03-31,164.4193548387097,304.96666666666664,463.9354838709677,816.0,582.1612903225806,523.6451612903226,761.3666666666667,803.8064516129032,367.36666666666673,182.2258064516129,121.35483870967742,135.60714285714286,168.29032258064518,424.5161290322581
2002-04-30,304.96666666666664,463.9354838709677,816.0,582.1612903225806,523.6451612903226,761.3666666666667,803.8064516129032,367.36666666666673,182.2258064516129,121.35483870967742,135.60714285714286,168.29032258064518,234.4,465.5
2002-05-31,463.9354838709677,816.0,582.1612903225806,523.6451612903226,761.3666666666667,803.8064516129032,367.36666666666673,182.2258064516129,121.35483870967742,135.60714285714286,168.29032258064518,234.4,300.1290322580645,489.741935483871
2002-06-30,816.0,582.1612903225806,523.6451612903226,761.3666666666667,803.8064516129032,367.36666666666673,182.2258064516129,121.35483870967742,135.60714285714286,168.29032258064518,234.4,300.1290322580645,794.0666666666667,366.3333333333333
2002-07-31,582.1612903225806,523.6451612903226,761.3666666666667,803.8064516129032,367.36666666666673,182.2258064516129,121.35483870967742,135.60714285714286,168.29032258064518,234.4,300.1290322580645,794.0666666666667,781.3548387096774,468.5806451612903
2002-08-31,523.6451612903226,761.3666666666667,803.8064516129032,367.36666666666673,182.2258064516129,121.35483870967742,135.60714285714286,168.29032258064518,234.4,300.1290322580645,794.0666666666667,781.3548387096774,447.2903225806452,521.3548387096774
2002-09-30,761.3666666666667,803.8064516129032,367.36666666666673,182.2258064516129,121.35483870967742,135.60714285714286,168.29032258064518,234.4,300.1290322580645,794.0666666666667,781.3548387096774,447.2903225806452,381.63333333333327,496.1666666666667
2002-10-31,803.8064516129032,367.36666666666673,182.2258064516129,121.35483870967742,135.60714285714286,168.29032258064518,234.4,300.1290322580645,794.0666666666667,781.3548387096774,447.2903225806452,381.63333333333327,328.7741935483871,720.0967741935483
2002-11-30,367.36666666666673,182.2258064516129,121.35483870967742,135.60714285714286,168.29032258064518,234.4,300.1290322580645,794.0666666666667,781.3548387096774,447.2903225806452,381.63333333333327,328.7741935483871,197.2333333333333,608.1333333333333
2002-12-31,182.2258064516129,121.35483870967742,135.60714285714286,168.29032258064518,234.4,300.1290322580645,794.0666666666667,781.3548387096774,447.2903225806452,381.63333333333327,328.7741935483871,197.2333333333333,123.94193548387096,461.6774193548387
2003-01-31,121.35483870967742,135.60714285714286,168.29032258064518,234.4,300.1290322580645,794.0666666666667,781.3548387096774,447.2903225806452,381.63333333333327,328.7741935483871,197.2333333333333,123.94193548387096,87.1,318.4258064516129
2003-02-28,135.60714285714286,168.29032258064518,234.4,300.1290322580645,794.0666666666667,781.3548387096774,447.2903225806452,381.63333333333327,328.7741935483871,197.2333333333333,123.94193548387096,87.1,97.92142857142858,184.1107142857143
2003-03-31,168.29032258064518,234.4,300.1290322580645,794.0666666666667,781.3548387096774,447.2903225806452,381.63333333333327,328.7741935483871,197.2333333333333,123.94193548387096,87.1,97.92142857142858,146.0,214.9032258064516
2003-04-30,234.4,300.1290322580645,794.0666666666667,781.3548387096774,447.2903225806452,381.63333333333327,328.7741935483871,197.2333333333333,123.94193548387096,87.1,97.92142857142858,146.0,218.56666666666663,362.6333333333334
2003-05-31,300.1290322580645,794.0666666666667,781.3548387096774,447.2903225806452,381.63333333333327,328.7741935483871,197.2333333333333,123.94193548387096,87.1,97.92142857142858,146.0,218.56666666666663,367.0322580645161,358.03225806451616
2003-06-30,794.0666666666667,781.3548387096774,447.2903225806452,381.63333333333327,328.7741935483871,197.2333333333333,123.94193548387096,87.1,97.92142857142858,146.0,218.56666666666663,367.0322580645161,509.03333333333336,392.8
2003-07-31,781.3548387096774,447.2903225806452,381.63333333333327,328.7741935483871,197.2333333333333,123.94193548387096,87.1,97.92142857142858,146.0,218.56666666666663,367.0322580645161,509.03333333333336,795.2580645,433.5161290322581
2003-08-31,447.2903225806452,381.63333333333327,328.7741935483871,197.2333333333333,123.94193548387096,87.1,97.92142857142858,146.0,218.56666666666663,367.0322580645161,509.03333333333336,795.2580645,1184.5806451612902,288.51612903225805
2003-09-30,381.63333333333327,328.7741935483871,197.2333333333333,123.94193548387096,87.1,97.92142857142858,146.0,218.56666666666663,367.0322580645161,509.03333333333336,795.2580645,1184.5806451612902,1471.6666666666667,360.9333333333333
2003-10-31,328.7741935483871,197.2333333333333,123.94193548387096,87.1,97.92142857142858,146.0,218.56666666666663,367.0322580645161,509.03333333333336,795.2580645,1184.5806451612902,1471.6666666666667,995.2580645,371.8387096774193
2003-11-30,197.2333333333333,123.94193548387096,87.1,97.92142857142858,146.0,218.56666666666663,367.0322580645161,509.03333333333336,795.2580645,1184.5806451612902,1471.6666666666667,995.2580645,426.3666666666667,456.73333333333335
2003-12-31,123.94193548387096,87.1,97.92142857142858,146.0,218.56666666666663,367.0322580645161,509.03333333333336,795.2580645,1184.5806451612902,1471.6666666666667,995.2580645,426.3666666666667,200.3870967741936,381.06451612903226
2004-01-31,87.1,97.92142857142858,146.0,218.56666666666663,367.0322580645161,509.03333333333336,795.2580645,1184.5806451612902,1471.6666666666667,995.2580645,426.3666666666667,200.3870967741936,145.74193548387098,404.7096774193548
2004-02-29,97.92142857142858,146.0,218.56666666666663,367.0322580645161,509.03333333333336,795.2580645,1184.5806451612902,1471.6666666666667,995.2580645,426.3666666666667,200.3870967741936,145.74193548387098,129.86206896551724,466.9655172413793
2004-03-31,146.0,218.56666666666663,367.0322580645161,509.03333333333336,795.2580645,1184.5806451612902,1471.6666666666667,995.2580645,426.3666666666667,200.3870967741936,145.74193548387098,129.86206896551724,190.03225806451613,484.8709677419355
2004-04-30,218.56666666666663,367.0322580645161,509.03333333333336,795.2580645,1184.5806451612902,1471.6666666666667,995.2580645,426.3666666666667,200.3870967741936,145.74193548387098,129.86206896551724,190.03225806451613,218.76666666666668,437.0
2004-05-31,367.0322580645161,509.03333333333336,795.2580645,1184.5806451612902,1471.6666666666667,995.2580645,426.3666666666667,200.3870967741936,145.74193548387098,129.86206896551724,190.03225806451613,218.76666666666668,296.61290322580646,451.741935483871
2004-06-30,509.03333333333336,795.2580645,1184.5806451612902,1471.6666666666667,995.2580645,426.3666666666667,200.3870967741936,145.74193548387098,129.86206896551724,190.03225806451613,218.76666666666668,296.61290322580646,648.4,546.8
2004-07-31,795.2580645,1184.5806451612902,1471.6666666666667,995.2580645,426.3666666666667,200.3870967741936,145.74193548387098,129.86206896551724,190.03225806451613,218.76666666666668,296.61290322580646,648.4,688.2258064516129,455.8064516129032
2004-08-31,1184.5806451612902,1471.6666666666667,995.2580645,426.3666666666667,200.3870967741936,145.74193548387098,129.86206896551724,190.03225806451613,218.76666666666668,296.61290322580646,648.4,688.2258064516129,876.4516129032259,429.741935483871
2004-09-30,1471.6666666666667,995.2580645,426.3666666666667,200.3870967741936,145.74193548387098,129.86206896551724,190.03225806451613,218.76666666666668,296.61290322580646,648.4,688.2258064516129,876.4516129032259,1060.5333333333333,397.6333333333333
2004-10-31,995.2580645,426.3666666666667,200.3870967741936,145.74193548387098,129.86206896551724,190.03225806451613,218.76666666666668,296.61290322580646,648.4,688.2258064516129,876.4516129032259,1060.5333333333333,825.6129032258065,476.7096774193548
2004-11-30,426.3666666666667,200.3870967741936,145.74193548387098,129.86206896551724,190.03225806451613,218.76666666666668,296.61290322580646,648.4,688.2258064516129,876.4516129032259,1060.5333333333333,825.6129032258065,444.9666666666666,468.3666666666667
2004-12-31,200.3870967741936,145.74193548387098,129.86206896551724,190.03225806451613,218.76666666666668,296.61290322580646,648.4,688.2258064516129,876.4516129032259,1060.5333333333333,825.6129032258065,444.9666666666666,210.4193548387097,469.9032258064516
2005-01-31,145.74193548387098,129.86206896551724,190.03225806451613,218.76666666666668,296.61290322580646,648.4,688.2258064516129,876.4516129032259,1060.5333333333333,825.6129032258065,444.9666666666666,210.4193548387097,154.51612903225808,487.7741935483871
2005-02-28,129.86206896551724,190.03225806451613,218.76666666666668,296.61290322580646,648.4,688.2258064516129,876.4516129032259,1060.5333333333333,825.6129032258065,444.9666666666666,210.4193548387097,154.51612903225808,146.10714285714286,360.2857142857143
2005-03-31,190.03225806451613,218.76666666666668,296.61290322580646,648.4,688.2258064516129,876.4516129032259,1060.5333333333333,825.6129032258065,444.9666666666666,210.4193548387097,154.51612903225808,146.10714285714286,195.70967741935485,446.483870967742
2005-04-30,218.76666666666668,296.61290322580646,648.4,688.2258064516129,876.4516129032259,1060.5333333333333,825.6129032258065,444.9666666666666,210.4193548387097,154.51612903225808,146.10714285714286,195.70967741935485,340.16666666666663,486.3333333333333
2005-05-31,296.61290322580646,648.4,688.2258064516129,876.4516129032259,1060.5333333333333,825.6129032258065,444.9666666666666,210.4193548387097,154.51612903225808,146.10714285714286,195.70967741935485,340.16666666666663,626.516129,510.5161290322581
2005-06-30,648.4,688.2258064516129,876.4516129032259,1060.5333333333333,825.6129032258065,444.9666666666666,210.4193548387097,154.51612903225808,146.10714285714286,195.70967741935485,340.16666666666663,626.516129,786.5666666666667,492.06666666666666
2005-07-31,688.2258064516129,876.4516129032259,1060.5333333333333,825.6129032258065,444.9666666666666,210.4193548387097,154.51612903225808,146.10714285714286,195.70967741935485,340.16666666666663,626.516129,786.5666666666667,1950.3225806451608,505.5806451612903
2005-08-31,876.4516129032259,1060.5333333333333,825.6129032258065,444.9666666666666,210.4193548387097,154.51612903225808,146.10714285714286,195.70967741935485,340.16666666666663,626.516129,786.5666666666667,1950.3225806451608,1528.7096774193549,490.5161290322581
2005-09-30,1060.5333333333333,825.6129032258065,444.9666666666666,210.4193548387097,154.51612903225808,146.10714285714286,195.70967741935485,340.16666666666663,626.516129,786.5666666666667,1950.3225806451608,1528.7096774193549,1328.0,517.4
2005-10-31,825.6129032258065,444.9666666666666,210.4193548387097,154.51612903225808,146.10714285714286,195.70967741935485,340.16666666666663,626.516129,786.5666666666667,1950.3225806451608,1528.7096774193549,1328.0,1691.7096774193549,699.9032258064516
2005-11-30,444.9666666666666,210.4193548387097,154.51612903225808,146.10714285714286,195.70967741935485,340.16666666666663,626.516129,786.5666666666667,1950.3225806451608,1528.7096774193549,1328.0,1691.7096774193549,618.8,542.0
2005-12-31,210.4193548387097,154.51612903225808,146.10714285714286,195.70967741935485,340.16666666666663,626.516129,786.5666666666667,1950.3225806451608,1528.7096774193549,1328.0,1691.7096774193549,618.8,266.2258064516129,509.1290322580645
2006-01-31,154.51612903225808,146.10714285714286,195.70967741935485,340.16666666666663,626.516129,786.5666666666667,1950.3225806451608,1528.7096774193549,1328.0,1691.7096774193549,618.8,266.2258064516129,220.8709677419355,413.96774193548384
2006-02-28,146.10714285714286,195.70967741935485,340.16666666666663,626.516129,786.5666666666667,1950.3225806451608,1528.7096774193549,1328.0,1691.7096774193549,618.8,266.2258064516129,220.8709677419355,214.78571428571428,425.3928571428572
2006-03-31,195.70967741935485,340.16666666666663,626.516129,786.5666666666667,1950.3225806451608,1528.7096774193549,1328.0,1691.7096774193549,618.8,266.2258064516129,220.8709677419355,214.78571428571428,227.83870967741936,656.483870967742
2006-04-30,340.16666666666663,626.516129,786.5666666666667,1950.3225806451608,1528.7096774193549,1328.0,1691.7096774193549,618.8,266.2258064516129,220.8709677419355,214.78571428571428,227.83870967741936,290.0,881.7666666666667
2006-05-31,626.516129,786.5666666666667,1950.3225806451608,1528.7096774193549,1328.0,1691.7096774193549,618.8,266.2258064516129,220.8709677419355,214.78571428571428,227.83870967741936,290.0,365.03225806451616,901.1612903225806
2006-06-30,786.5666666666667,1950.3225806451608,1528.7096774193549,1328.0,1691.7096774193549,618.8,266.2258064516129,220.8709677419355,214.78571428571428,227.83870967741936,290.0,365.03225806451616,622.3000000000001,738.6333333333333
2006-07-31,1950.3225806451608,1528.7096774193549,1328.0,1691.7096774193549,618.8,266.2258064516129,220.8709677419355,214.78571428571428,227.83870967741936,290.0,365.03225806451616,622.3000000000001,823.4516129032259,832.7096774193549
2006-08-31,1528.7096774193549,1328.0,1691.7096774193549,618.8,266.2258064516129,220.8709677419355,214.78571428571428,227.83870967741936,290.0,365.03225806451616,622.3000000000001,823.4516129032259,582.6451612903226,588.2258064516129
2006-09-30,1328.0,1691.7096774193549,618.8,266.2258064516129,220.8709677419355,214.78571428571428,227.83870967741936,290.0,365.03225806451616,622.3000000000001,823.4516129032259,582.6451612903226,773.8,454.03333333333336
2006-10-31,1691.7096774193549,618.8,266.2258064516129,220.8709677419355,214.78571428571428,227.83870967741936,290.0,365.03225806451616,622.3000000000001,823.4516129032259,582.6451612903226,773.8,699.5483870967741,482.0967741935484
2006-11-30,618.8,266.2258064516129,220.8709677419355,214.78571428571428,227.83870967741936,290.0,365.03225806451616,622.3000000000001,823.4516129032259,582.6451612903226,773.8,699.5483870967741,354.9333333333333,487.6333333333333
2006-12-31,266.2258064516129,220.8709677419355,214.78571428571428,227.83870967741936,290.0,365.03225806451616,622.3000000000001,823.4516129032259,582.6451612903226,773.8,699.5483870967741,354.9333333333333,185.5483870967742,470.8709677419355
2007-01-31,220.8709677419355,214.78571428571428,227.83870967741936,290.0,365.03225806451616,622.3000000000001,823.4516129032259,582.6451612903226,773.8,699.5483870967741,354.9333333333333,185.5483870967742,137.93548387096774,480.0
2007-02-28,214.78571428571428,227.83870967741936,290.0,365.03225806451616,622.3000000000001,823.4516129032259,582.6451612903226,773.8,699.5483870967741,354.9333333333333,185.5483870967742,137.93548387096774,133.25,496.5
2007-03-31,227.83870967741936,290.0,365.03225806451616,622.3000000000001,823.4516129032259,582.6451612903226,773.8,699.5483870967741,354.9333333333333,185.5483870967742,137.93548387096774,133.25,216.48387096774192,518.9354838709677
2007-04-30,290.0,365.03225806451616,622.3000000000001,823.4516129032259,582.6451612903226,773.8,699.5483870967741,354.9333333333333,185.5483870967742,137.93548387096774,133.25,216.48387096774192,292.8,635.2666666666667
2007-05-31,365.03225806451616,622.3000000000001,823.4516129032259,582.6451612903226,773.8,699.5483870967741,354.9333333333333,185.5483870967742,137.93548387096774,133.25,216.48387096774192,292.8,297.03225806451616,687.1612903225807
2007-06-30,622.3000000000001,823.4516129032259,582.6451612903226,773.8,699.5483870967741,354.9333333333333,185.5483870967742,137.93548387096774,133.25,216.48387096774192,292.8,297.03225806451616,1248.3666666666666,798.0999999999999
2007-07-31,823.4516129032259,582.6451612903226,773.8,699.5483870967741,354.9333333333333,185.5483870967742,137.93548387096774,133.25,216.48387096774192,292.8,297.03225806451616,1248.3666666666666,1397.9354838709678,624.9677419354838
2007-08-31,582.6451612903226,773.8,699.5483870967741,354.9333333333333,185.5483870967742,137.93548387096774,133.25,216.48387096774192,292.8,297.03225806451616,1248.3666666666666,1397.9354838709678,889.9677419354839,771.8387096774194
2007-09-30,773.8,699.5483870967741,354.9333333333333,185.5483870967742,137.93548387096774,133.25,216.48387096774192,292.8,297.03225806451616,1248.3666666666666,1397.9354838709678,889.9677419354839,1062.2,742.0333333333333
2007-10-31,699.5483870967741,354.9333333333333,185.5483870967742,137.93548387096774,133.25,216.48387096774192,292.8,297.03225806451616,1248.3666666666666,1397.9354838709678,889.9677419354839,1062.2,814.2580645,436.4516129032258
2007-11-30,354.9333333333333,185.5483870967742,137.93548387096774,133.25,216.48387096774192,292.8,297.03225806451616,1248.3666666666666,1397.9354838709678,889.9677419354839,1062.2,814.2580645,455.7,447.4666666666666
2007-12-31,185.5483870967742,137.93548387096774,133.25,216.48387096774192,292.8,297.03225806451616,1248.3666666666666,1397.9354838709678,889.9677419354839,1062.2,814.2580645,455.7,223.6451612903226,471.7741935483871
2008-01-31,137.93548387096774,133.25,216.48387096774192,292.8,297.03225806451616,1248.3666666666666,1397.9354838709678,889.9677419354839,1062.2,814.2580645,455.7,223.6451612903226,176.6451612903226,483.7096774193548
2008-02-29,133.25,216.48387096774192,292.8,297.03225806451616,1248.3666666666666,1397.9354838709678,889.9677419354839,1062.2,814.2580645,455.7,223.6451612903226,176.6451612903226,142.51724137931035,502.0
2008-03-31,216.48387096774192,292.8,297.03225806451616,1248.3666666666666,1397.9354838709678,889.9677419354839,1062.2,814.2580645,455.7,223.6451612903226,176.6451612903226,142.51724137931035,227.8709677419355,449.3225806451613
2008-04-30,292.8,297.03225806451616,1248.3666666666666,1397.9354838709678,889.9677419354839,1062.2,814.2580645,455.7,223.6451612903226,176.6451612903226,142.51724137931035,227.8709677419355,363.5,672.7
2008-05-31,297.03225806451616,1248.3666666666666,1397.9354838709678,889.9677419354839,1062.2,814.2580645,455.7,223.6451612903226,176.6451612903226,142.51724137931035,227.8709677419355,363.5,357.38709677419354,781.9032258064515
2008-06-30,1248.3666666666666,1397.9354838709678,889.9677419354839,1062.2,814.2580645,455.7,223.6451612903226,176.6451612903226,142.51724137931035,227.8709677419355,363.5,357.38709677419354,447.4333333333333,922.0666666666668
2008-07-31,1397.9354838709678,889.9677419354839,1062.2,814.2580645,455.7,223.6451612903226,176.6451612903226,142.51724137931035,227.8709677419355,363.5,357.38709677419354,447.4333333333333,860.0967741935484,753.4838709677418
2008-08-31,889.9677419354839,1062.2,814.2580645,455.7,223.6451612903226,176.6451612903226,142.51724137931035,227.8709677419355,363.5,357.38709677419354,447.4333333333333,860.0967741935484,1080.0967741935483,768.0000000000001
2008-09-30,1062.2,814.2580645,455.7,223.6451612903226,176.6451612903226,142.51724137931035,227.8709677419355,363.5,357.38709677419354,447.4333333333333,860.0967741935484,1080.0967741935483,958.2666666666668,591.5
2008-10-31,814.2580645,455.7,223.6451612903226,176.6451612903226,142.51724137931035,227.8709677419355,363.5,357.38709677419354,447.4333333333333,860.0967741935484,1080.0967741935483,958.2666666666668,1140.5806451612902,430.483870967742
2008-11-30,455.7,223.6451612903226,176.6451612903226,142.51724137931035,227.8709677419355,363.5,357.38709677419354,447.4333333333333,860.0967741935484,1080.0967741935483,958.2666666666668,1140.5806451612902,575.5666666666667,477.9333333333333
2008-12-31,223.6451612903226,176.6451612903226,142.51724137931035,227.8709677419355,363.5,357.38709677419354,447.4333333333333,860.0967741935484,1080.0967741935483,958.2666666666668,1140.5806451612902,575.5666666666667,273.7741935483871,407.3225806451613
2009-01-31,176.6451612903226,142.51724137931035,227.8709677419355,363.5,357.38709677419354,447.4333333333333,860.0967741935484,1080.0967741935483,958.2666666666668,1140.5806451612902,575.5666666666667,273.7741935483871,192.03225806451616,541.258064516129
2009-02-28,142.51724137931035,227.8709677419355,363.5,357.38709677419354,447.4333333333333,860.0967741935484,1080.0967741935483,958.2666666666668,1140.5806451612902,575.5666666666667,273.7741935483871,192.03225806451616,218.67857142857144,585.5714285714286
2009-03-31,227.8709677419355,363.5,357.38709677419354,447.4333333333333,860.0967741935484,1080.0967741935483,958.2666666666668,1140.5806451612902,575.5666666666667,273.7741935483871,192.03225806451616,218.67857142857144,270.83870967741933,534.6012903225807
2009-04-30,363.5,357.38709677419354,447.4333333333333,860.0967741935484,1080.0967741935483,958.2666666666668,1140.5806451612902,575.5666666666667,273.7741935483871,192.03225806451616,218.67857142857144,270.83870967741933,437.8,898.5
2009-05-31,357.38709677419354,447.4333333333333,860.0967741935484,1080.0967741935483,958.2666666666668,1140.5806451612902,575.5666666666667,273.7741935483871,192.03225806451616,218.67857142857144,270.83870967741933,437.8,700.8387096774193,890.741935483871
2009-06-30,447.4333333333333,860.0967741935484,1080.0967741935483,958.2666666666668,1140.5806451612902,575.5666666666667,273.7741935483871,192.03225806451616,218.67857142857144,270.83870967741933,437.8,700.8387096774193,1071.2,830.1
2009-07-31,860.0967741935484,1080.0967741935483,958.2666666666668,1140.5806451612902,575.5666666666667,273.7741935483871,192.03225806451616,218.67857142857144,270.83870967741933,437.8,700.8387096774193,1071.2,1684.774193548387,594.0645161290323
2009-08-31,1080.0967741935483,958.2666666666668,1140.5806451612902,575.5666666666667,273.7741935483871,192.03225806451616,218.67857142857144,270.83870967741933,437.8,700.8387096774193,1071.2,1684.774193548387,1553.225806451613,621.0322580645162
2009-09-30,958.2666666666668,1140.5806451612902,575.5666666666667,273.7741935483871,192.03225806451616,218.67857142857144,270.83870967741933,437.8,700.8387096774193,1071.2,1684.774193548387,1553.225806451613,1559.3333333333333,563.0666666666667
2009-10-31,1140.5806451612902,575.5666666666667,273.7741935483871,192.03225806451616,218.67857142857144,270.83870967741933,437.8,700.8387096774193,1071.2,1684.774193548387,1553.225806451613,1559.3333333333333,1238.1935483870968,602.3225806451613
2009-11-30,575.5666666666667,273.7741935483871,192.03225806451616,218.67857142857144,270.83870967741933,437.8,700.8387096774193,1071.2,1684.774193548387,1553.225806451613,1559.3333333333333,1238.1935483870968,685.2333333333332,640.8999999999999
2009-12-31,273.7741935483871,192.03225806451616,218.67857142857144,270.83870967741933,437.8,700.8387096774193,1071.2,1684.774193548387,1553.225806451613,1559.3333333333333,1238.1935483870968,685.2333333333332,367.2903225806451,561.516129032258
2010-01-31,192.03225806451616,218.67857142857144,270.83870967741933,437.8,700.8387096774193,1071.2,1684.774193548387,1553.225806451613,1559.3333333333333,1238.1935483870968,685.2333333333332,367.2903225806451,237.3870967741936,531.5806451612904
2010-02-28,218.67857142857144,270.83870967741933,437.8,700.8387096774193,1071.2,1684.774193548387,1553.225806451613,1559.3333333333333,1238.1935483870968,685.2333333333332,367.2903225806451,237.3870967741936,243.75,459.5
2010-03-31,270.83870967741933,437.8,700.8387096774193,1071.2,1684.774193548387,1553.225806451613,1559.3333333333333,1238.1935483870968,685.2333333333332,367.2903225806451,237.3870967741936,243.75,286.51612903225805,527.3870967741935
2010-04-30,437.8,700.8387096774193,1071.2,1684.774193548387,1553.225806451613,1559.3333333333333,1238.1935483870968,685.2333333333332,367.2903225806451,237.3870967741936,243.75,286.51612903225805,317.03333333333336,878.9
2010-05-31,700.8387096774193,1071.2,1684.774193548387,1553.225806451613,1559.3333333333333,1238.1935483870968,685.2333333333332,367.2903225806451,237.3870967741936,243.75,286.51612903225805,317.03333333333336,373.2903225806452,943.741935483871
2010-06-30,1071.2,1684.774193548387,1553.225806451613,1559.3333333333333,1238.1935483870968,685.2333333333332,367.2903225806451,237.3870967741936,243.75,286.51612903225805,317.03333333333336,373.2903225806452,1009.7666666666668,931.5666666666668
2010-07-31,1684.774193548387,1553.225806451613,1559.3333333333333,1238.1935483870968,685.2333333333332,367.2903225806451,237.3870967741936,243.75,286.51612903225805,317.03333333333336,373.2903225806452,1009.7666666666668,2117.0967741935483,998.4193548387096
2010-08-31,1553.225806451613,1559.3333333333333,1238.1935483870968,685.2333333333332,367.2903225806451,237.3870967741936,243.75,286.51612903225805,317.03333333333336,373.2903225806452,1009.7666666666668,2117.0967741935483,944.6774193548388,1140.0
2010-09-30,1559.3333333333333,1238.1935483870968,685.2333333333332,367.2903225806451,237.3870967741936,243.75,286.51612903225805,317.03333333333336,373.2903225806452,1009.7666666666668,2117.0967741935483,944.6774193548388,688.6333333333333,803.5666666666667
2010-10-31,1238.1935483870968,685.2333333333332,367.2903225806451,237.3870967741936,243.75,286.51612903225805,317.03333333333336,373.2903225806452,1009.7666666666668,2117.0967741935483,944.6774193548388,688.6333333333333,616.7741935483871,636.2903225806451
2010-11-30,685.2333333333332,367.2903225806451,237.3870967741936,243.75,286.51612903225805,317.03333333333336,373.2903225806452,1009.7666666666668,2117.0967741935483,944.6774193548388,688.6333333333333,616.7741935483871,422.1666666666667,588.9
2010-12-31,367.2903225806451,237.3870967741936,243.75,286.51612903225805,317.03333333333336,373.2903225806452,1009.7666666666668,2117.0967741935483,944.6774193548388,688.6333333333333,616.7741935483871,422.1666666666667,203.4516129032258,605.3225806451613
2011-01-31,237.3870967741936,243.75,286.51612903225805,317.03333333333336,373.2903225806452,1009.7666666666668,2117.0967741935483,944.6774193548388,688.6333333333333,616.7741935483871,422.1666666666667,203.4516129032258,178.5483870967742,583.4516129032259
2011-02-28,243.75,286.51612903225805,317.03333333333336,373.2903225806452,1009.7666666666668,2117.0967741935483,944.6774193548388,688.6333333333333,616.7741935483871,422.1666666666667,203.4516129032258,178.5483870967742,157.5,333.03571428571433
2011-03-31,286.51612903225805,317.03333333333336,373.2903225806452,1009.7666666666668,2117.0967741935483,944.6774193548388,688.6333333333333,616.7741935483871,422.1666666666667,203.4516129032258,178.5483870967742,157.5,215.70967741935485,617.0967741935484
2011-04-30,317.03333333333336,373.2903225806452,1009.7666666666668,2117.0967741935483,944.6774193548388,688.6333333333333,616.7741935483871,422.1666666666667,203.4516129032258,178.5483870967742,157.5,215.70967741935485,383.8,822.8999999999999
2011-05-31,373.2903225806452,1009.7666666666668,2117.0967741935483,944.6774193548388,688.6333333333333,616.7741935483871,422.1666666666667,203.4516129032258,178.5483870967742,157.5,215.70967741935485,383.8,459.6774193548387,850.7096774193549
2011-06-30,1009.7666666666668,2117.0967741935483,944.6774193548388,688.6333333333333,616.7741935483871,422.1666666666667,203.4516129032258,178.5483870967742,157.5,215.70967741935485,383.8,459.6774193548387,1166.8666666666666,645.6999999999999
2011-07-31,2117.0967741935483,944.6774193548388,688.6333333333333,616.7741935483871,422.1666666666667,203.4516129032258,178.5483870967742,157.5,215.70967741935485,383.8,459.6774193548387,1166.8666666666666,1570.8064516129032,619.3225806451613
2011-08-31,944.6774193548388,688.6333333333333,616.7741935483871,422.1666666666667,203.4516129032258,178.5483870967742,157.5,215.70967741935485,383.8,459.6774193548387,1166.8666666666666,1570.8064516129032,896.7419355,632.6129032258065
2011-09-30,688.6333333333333,616.7741935483871,422.1666666666667,203.4516129032258,178.5483870967742,157.5,215.70967741935485,383.8,459.6774193548387,1166.8666666666666,1570.8064516129032,896.7419355,985.1333333333332,599.0666666666667
2011-10-31,616.7741935483871,422.1666666666667,203.4516129032258,178.5483870967742,157.5,215.70967741935485,383.8,459.6774193548387,1166.8666666666666,1570.8064516129032,896.7419355,985.1333333333332,1057.6129032258063,550.4193548387096
2011-11-30,422.1666666666667,203.4516129032258,178.5483870967742,157.5,215.70967741935485,383.8,459.6774193548387,1166.8666666666666,1570.8064516129032,896.7419355,985.1333333333332,1057.6129032258063,603.8666666666667,543.2
2011-12-31,203.4516129032258,178.5483870967742,157.5,215.70967741935485,383.8,459.6774193548387,1166.8666666666666,1570.8064516129032,896.7419355,985.1333333333332,1057.6129032258063,603.8666666666667,326.0,589.4193548387096
2012-01-31,178.5483870967742,157.5,215.70967741935485,383.8,459.6774193548387,1166.8666666666666,1570.8064516129032,896.7419355,985.1333333333332,1057.6129032258063,603.8666666666667,326.0,237.96774193548387,534.0
2012-02-29,157.5,215.70967741935485,383.8,459.6774193548387,1166.8666666666666,1570.8064516129032,896.7419355,985.1333333333332,1057.6129032258063,603.8666666666667,326.0,237.96774193548387,237.79310344827587,506.5517241379311
2012-03-31,215.70967741935485,383.8,459.6774193548387,1166.8666666666666,1570.8064516129032,896.7419355,985.1333333333332,1057.6129032258063,603.8666666666667,326.0,237.96774193548387,237.79310344827587,300.77419354838713,469.03225806451616
2012-04-30,383.8,459.6774193548387,1166.8666666666666,1570.8064516129032,896.7419355,985.1333333333332,1057.6129032258063,603.8666666666667,326.0,237.96774193548387,237.79310344827587,300.77419354838713,521.7,606.9
2012-05-31,459.6774193548387,1166.8666666666666,1570.8064516129032,896.7419355,985.1333333333332,1057.6129032258063,603.8666666666667,326.0,237.96774193548387,237.79310344827587,300.77419354838713,521.7,822.7096774193549,840.8064516129032
2012-06-30,1166.8666666666666,1570.8064516129032,896.7419355,985.1333333333332,1057.6129032258063,603.8666666666667,326.0,237.96774193548387,237.79310344827587,300.77419354838713,521.7,822.7096774193549,1072.0,831.6666666666666
2012-07-31,1570.8064516129032,896.7419355,985.1333333333332,1057.6129032258063,603.8666666666667,326.0,237.96774193548387,237.79310344827587,300.77419354838713,521.7,822.7096774193549,1072.0,2577.741935483871,1009.6129032258063
2012-08-31,896.7419355,985.1333333333332,1057.6129032258063,603.8666666666667,326.0,237.96774193548387,237.79310344827587,300.77419354838713,521.7,822.7096774193549,1072.0,2577.741935483871,2275.483870967742,1457.7096774193549
2012-09-30,985.1333333333332,1057.6129032258063,603.8666666666667,326.0,237.96774193548387,237.79310344827587,300.77419354838713,521.7,822.7096774193549,1072.0,2577.741935483871,2275.483870967742,1065.3333333333333,916.2666666666668
2012-10-31,1057.6129032258063,603.8666666666667,326.0,237.96774193548387,237.79310344827587,300.77419354838713,521.7,822.7096774193549,1072.0,2577.741935483871,2275.483870967742,1065.3333333333333,893.7741935483871,808.741935483871
2012-11-30,603.8666666666667,326.0,237.96774193548387,237.79310344827587,300.77419354838713,521.7,822.7096774193549,1072.0,2577.741935483871,2275.483870967742,1065.3333333333333,893.7741935483871,472.9666666666666,704.9666666666666
2012-12-31,326.0,237.96774193548387,237.79310344827587,300.77419354838713,521.7,822.7096774193549,1072.0,2577.741935483871,2275.483870967742,1065.3333333333333,893.7741935483871,472.9666666666666,243.51612903225808,572.7741935483871
2013-01-31,237.96774193548387,237.79310344827587,300.77419354838713,521.7,822.7096774193549,1072.0,2577.741935483871,2275.483870967742,1065.3333333333333,893.7741935483871,472.9666666666666,243.51612903225808,243.8709677419355,642.4516129032259
2013-02-28,237.79310344827587,300.77419354838713,521.7,822.7096774193549,1072.0,2577.741935483871,2275.483870967742,1065.3333333333333,893.7741935483871,472.9666666666666,243.51612903225808,243.8709677419355,264.6071428571428,519.1071428571429
2013-03-31,300.77419354838713,521.7,822.7096774193549,1072.0,2577.741935483871,2275.483870967742,1065.3333333333333,893.7741935483871,472.9666666666666,243.51612903225808,243.8709677419355,264.6071428571428,326.4193548387097,614.5483870967741
2013-04-30,521.7,822.7096774193549,1072.0,2577.741935483871,2275.483870967742,1065.3333333333333,893.7741935483871,472.9666666666666,243.51612903225808,243.8709677419355,264.6071428571428,326.4193548387097,312.2666666666667,755.1333333333333
2013-05-31,822.7096774193549,1072.0,2577.741935483871,2275.483870967742,1065.3333333333333,893.7741935483871,472.9666666666666,243.51612903225808,243.8709677419355,264.6071428571428,326.4193548387097,312.2666666666667,663.7741935483871,827.5483870967741
2013-06-30,1072.0,2577.741935483871,2275.483870967742,1065.3333333333333,893.7741935483871,472.9666666666666,243.51612903225808,243.8709677419355,264.6071428571428,326.4193548387097,312.2666666666667,663.7741935483871,886.6,782.6
2013-07-31,2577.741935483871,2275.483870967742,1065.3333333333333,893.7741935483871,472.9666666666666,243.51612903225808,243.8709677419355,264.6071428571428,326.4193548387097,312.2666666666667,663.7741935483871,886.6,1586.741935483871,707.4516129032259
2013-08-31,2275.483870967742,1065.3333333333333,893.7741935483871,472.9666666666666,243.51612903225808,243.8709677419355,264.6071428571428,326.4193548387097,312.2666666666667,663.7741935483871,886.6,1586.741935483871,1193.516129032258,781.741935483871
2013-09-30,1065.3333333333333,893.7741935483871,472.9666666666666,243.51612903225808,243.8709677419355,264.6071428571428,326.4193548387097,312.2666666666667,663.7741935483871,886.6,1586.741935483871,1193.516129032258,732.3666666666667,656.4333333333333
2013-10-31,893.7741935483871,472.9666666666666,243.51612903225808,243.8709677419355,264.6071428571428,326.4193548387097,312.2666666666667,663.7741935483871,886.6,1586.741935483871,1193.516129032258,732.3666666666667,614.6451612903226,575.483870967742
2013-11-30,472.9666666666666,243.51612903225808,243.8709677419355,264.6071428571428,326.4193548387097,312.2666666666667,663.7741935483871,886.6,1586.741935483871,1193.516129032258,732.3666666666667,614.6451612903226,357.9666666666666,662.7333333333333
2013-12-31,243.51612903225808,243.8709677419355,264.6071428571428,326.4193548387097,312.2666666666667,663.7741935483871,886.6,1586.741935483871,1193.516129032258,732.3666666666667,614.6451612903226,357.9666666666666,183.7096774193548,561.9354838709677
2014-01-31,243.8709677419355,264.6071428571428,326.4193548387097,312.2666666666667,663.7741935483871,886.6,1586.741935483871,1193.516129032258,732.3666666666667,614.6451612903226,357.9666666666666,183.7096774193548,153.5161290322581,555.483870967742
2014-02-28,264.6071428571428,326.4193548387097,312.2666666666667,663.7741935483871,886.6,1586.741935483871,1193.516129032258,732.3666666666667,614.6451612903226,357.9666666666666,183.7096774193548,153.5161290322581,154.5357142857143,457.6071428571428
2014-03-31,326.4193548387097,312.2666666666667,663.7741935483871,886.6,1586.741935483871,1193.516129032258,732.3666666666667,614.6451612903226,357.9666666666666,183.7096774193548,153.5161290322581,154.5357142857143,217.6451612903226,526.2258064516129
2014-04-30,312.2666666666667,663.7741935483871,886.6,1586.741935483871,1193.516129032258,732.3666666666667,614.6451612903226,357.9666666666666,183.7096774193548,153.5161290322581,154.5357142857143,217.6451612903226,339.8333333333333,453.6666666666667
2014-05-31,663.7741935483871,886.6,1586.741935483871,1193.516129032258,732.3666666666667,614.6451612903226,357.9666666666666,183.7096774193548,153.5161290322581,154.5357142857143,217.6451612903226,339.8333333333333,431.7419355,600.0322580645161
2014-06-30,886.6,1586.741935483871,1193.516129032258,732.3666666666667,614.6451612903226,357.9666666666666,183.7096774193548,153.5161290322581,154.5357142857143,217.6451612903226,339.8333333333333,431.7419355,954.8,650.8333333333334
2014-07-31,1586.741935483871,1193.516129032258,732.3666666666667,614.6451612903226,357.9666666666666,183.7096774193548,153.5161290322581,154.5357142857143,217.6451612903226,339.8333333333333,431.7419355,954.8,955.3548387096774,686.1612903225806
2014-08-31,1193.516129032258,732.3666666666667,614.6451612903226,357.9666666666666,183.7096774193548,153.5161290322581,154.5357142857143,217.6451612903226,339.8333333333333,431.7419355,954.8,955.3548387096774,1046.387096774194,729.0967741935484
2014-09-30,732.3666666666667,614.6451612903226,357.9666666666666,183.7096774193548,153.5161290322581,154.5357142857143,217.6451612903226,339.8333333333333,431.7419355,954.8,955.3548387096774,1046.387096774194,1471.4,722.7666666666667
2014-10-31,614.6451612903226,357.9666666666666,183.7096774193548,153.5161290322581,154.5357142857143,217.6451612903226,339.8333333333333,431.7419355,954.8,955.3548387096774,1046.387096774194,1471.4,1016.709677419355,566.9032258064516
2014-11-30,357.9666666666666,183.7096774193548,153.5161290322581,154.5357142857143,217.6451612903226,339.8333333333333,431.7419355,954.8,955.3548387096774,1046.387096774194,1471.4,1016.709677419355,446.7666666666667,613.7333333333333
2014-12-31,183.7096774193548,153.5161290322581,154.5357142857143,217.6451612903226,339.8333333333333,431.7419355,954.8,955.3548387096774,1046.387096774194,1471.4,1016.709677419355,446.7666666666667,267.1935483870968,520.258064516129
2015-01-31,153.5161290322581,154.5357142857143,217.6451612903226,339.8333333333333,431.7419355,954.8,955.3548387096774,1046.387096774194,1471.4,1016.709677419355,446.7666666666667,267.1935483870968,224.5806451612903,462.8709677419355
2015-02-28,154.5357142857143,217.6451612903226,339.8333333333333,431.7419355,954.8,955.3548387096774,1046.387096774194,1471.4,1016.709677419355,446.7666666666667,267.1935483870968,224.5806451612903,210.25,450.7142857142857
2015-03-31,217.6451612903226,339.8333333333333,431.7419355,954.8,955.3548387096774,1046.387096774194,1471.4,1016.709677419355,446.7666666666667,267.1935483870968,224.5806451612903,210.25,253.9032258064516,565.0
2015-04-30,339.8333333333333,431.7419355,954.8,955.3548387096774,1046.387096774194,1471.4,1016.709677419355,446.7666666666667,267.1935483870968,224.5806451612903,210.25,253.9032258064516,286.2,544.1666666666666
2015-05-31,431.7419355,954.8,955.3548387096774,1046.387096774194,1471.4,1016.709677419355,446.7666666666667,267.1935483870968,224.5806451612903,210.25,253.9032258064516,286.2,336.483871,574.2258064516129
2015-06-30,954.8,955.3548387096774,1046.387096774194,1471.4,1016.709677419355,446.7666666666667,267.1935483870968,224.5806451612903,210.25,253.9032258064516,286.2,336.483871,764.8333333333334,551.3
2015-07-31,955.3548387096774,1046.387096774194,1471.4,1016.709677419355,446.7666666666667,267.1935483870968,224.5806451612903,210.25,253.9032258064516,286.2,336.483871,764.8333333333334,1273.419355,748.1612903225806
2015-08-31,1046.387096774194,1471.4,1016.709677419355,446.7666666666667,267.1935483870968,224.5806451612903,210.25,253.9032258064516,286.2,336.483871,764.8333333333334,1273.419355,479.1290322580645,659.8064516129032
2015-09-30,1471.4,1016.709677419355,446.7666666666667,267.1935483870968,224.5806451612903,210.25,253.9032258064516,286.2,336.483871,764.8333333333334,1273.419355,479.1290322580645,663.3666666666667,574.3333333333334
2015-10-31,1016.709677419355,446.7666666666667,267.1935483870968,224.5806451612903,210.25,253.9032258064516,286.2,336.483871,764.8333333333334,1273.419355,479.1290322580645,663.3666666666667,700.3225806451613,530.6129032258065
2015-11-30,446.7666666666667,267.1935483870968,224.5806451612903,210.25,253.9032258064516,286.2,336.483871,764.8333333333334,1273.419355,479.1290322580645,663.3666666666667,700.3225806451613,350.0,551.6333333333333
2015-12-31,267.1935483870968,224.5806451612903,210.25,253.9032258064516,286.2,336.483871,764.8333333333334,1273.419355,479.1290322580645,663.3666666666667,700.3225806451613,350.0,205.7096774193548,447.61290322580646
2016-01-31,224.5806451612903,210.25,253.9032258064516,286.2,336.483871,764.8333333333334,1273.419355,479.1290322580645,663.3666666666667,700.3225806451613,350.0,205.7096774193548,137.9032258064516,466.741935483871
2016-02-29,210.25,253.9032258064516,286.2,336.483871,764.8333333333334,1273.419355,479.1290322580645,663.3666666666667,700.3225806451613,350.0,205.7096774193548,137.9032258064516,140.1379310344828,437.86206896551727
2016-03-31,253.9032258064516,286.2,336.483871,764.8333333333334,1273.419355,479.1290322580645,663.3666666666667,700.3225806451613,350.0,205.7096774193548,137.9032258064516,140.1379310344828,197.8387096774194,522.4516129032259
2016-04-30,286.2,336.483871,764.8333333333334,1273.419355,479.1290322580645,663.3666666666667,700.3225806451613,350.0,205.7096774193548,137.9032258064516,140.1379310344828,197.8387096774194,308.6,461.23333333333335
2016-05-31,336.483871,764.8333333333334,1273.419355,479.1290322580645,663.3666666666667,700.3225806451613,350.0,205.7096774193548,137.9032258064516,140.1379310344828,197.8387096774194,308.6,477.4193548387097,531.1935483870968
2016-06-30,764.8333333333334,1273.419355,479.1290322580645,663.3666666666667,700.3225806451613,350.0,205.7096774193548,137.9032258064516,140.1379310344828,197.8387096774194,308.6,477.4193548387097,620.5666666666667,482.3333333333333
2016-07-31,1273.419355,479.1290322580645,663.3666666666667,700.3225806451613,350.0,205.7096774193548,137.9032258064516,140.1379310344828,197.8387096774194,308.6,477.4193548387097,620.5666666666667,707.516129,639.0645161290323
2016-08-31,479.1290322580645,663.3666666666667,700.3225806451613,350.0,205.7096774193548,137.9032258064516,140.1379310344828,197.8387096774194,308.6,477.4193548387097,620.5666666666667,707.516129,548.3225806451613,447.4193548387097
2016-09-30,663.3666666666667,700.3225806451613,350.0,205.7096774193548,137.9032258064516,140.1379310344828,197.8387096774194,308.6,477.4193548387097,620.5666666666667,707.516129,548.3225806451613,641.4,300.43333333333334
2016-10-31,700.3225806451613,350.0,205.7096774193548,137.9032258064516,140.1379310344828,197.8387096774194,308.6,477.4193548387097,620.5666666666667,707.516129,548.3225806451613,641.4,768.6774193548387,336.38709677419354
2016-11-30,350.0,205.7096774193548,137.9032258064516,140.1379310344828,197.8387096774194,308.6,477.4193548387097,620.5666666666667,707.516129,548.3225806451613,641.4,768.6774193548387,395.1,349.3333333333333
2016-12-31,205.7096774193548,137.9032258064516,140.1379310344828,197.8387096774194,308.6,477.4193548387097,620.5666666666667,707.516129,548.3225806451613,641.4,768.6774193548387,395.1,223.1612903225806,274.96774193548384
2017-01-31,137.9032258064516,140.1379310344828,197.8387096774194,308.6,477.4193548387097,620.5666666666667,707.516129,548.3225806451613,641.4,768.6774193548387,395.1,223.1612903225806,150.7096774193548,308.93548387096774
2017-02-28,140.1379310344828,197.8387096774194,308.6,477.4193548387097,620.5666666666667,707.516129,548.3225806451613,641.4,768.6774193548387,395.1,223.1612903225806,150.7096774193548,163.1071428571429,380.6071428571428
2017-03-31,197.8387096774194,308.6,477.4193548387097,620.5666666666667,707.516129,548.3225806451613,641.4,768.6774193548387,395.1,223.1612903225806,150.7096774193548,163.1071428571429,198.1612903225806,425.258064516129
2017-04-30,308.6,477.4193548387097,620.5666666666667,707.516129,548.3225806451613,641.4,768.6774193548387,395.1,223.1612903225806,150.7096774193548,163.1071428571429,198.1612903225806,306.8333333333333,447.1
2017-05-31,477.4193548387097,620.5666666666667,707.516129,548.3225806451613,641.4,768.6774193548387,395.1,223.1612903225806,150.7096774193548,163.1071428571429,198.1612903225806,306.8333333333333,397.2258064516129,497.8709677419355
2017-06-30,620.5666666666667,707.516129,548.3225806451613,641.4,768.6774193548387,395.1,223.1612903225806,150.7096774193548,163.1071428571429,198.1612903225806,306.8333333333333,397.2258064516129,932.8,501.1
2017-07-31,707.516129,548.3225806451613,641.4,768.6774193548387,395.1,223.1612903225806,150.7096774193548,163.1071428571429,198.1612903225806,306.8333333333333,397.2258064516129,932.8,604.516129,588.258064516129
2017-08-31,548.3225806451613,641.4,768.6774193548387,395.1,223.1612903225806,150.7096774193548,163.1071428571429,198.1612903225806,306.8333333333333,397.2258064516129,932.8,604.516129,583.3225806451613,487.7741935483871
2017-09-30,641.4,768.6774193548387,395.1,223.1612903225806,150.7096774193548,163.1071428571429,198.1612903225806,306.8333333333333,397.2258064516129,932.8,604.516129,583.3225806451613,1195.666666666667,408.23333333333335
2017-10-31,768.6774193548387,395.1,223.1612903225806,150.7096774193548,163.1071428571429,198.1612903225806,306.8333333333333,397.2258064516129,932.8,604.516129,583.3225806451613,1195.666666666667,1538.709677419355,395.3870967741936
2017-11-30,395.1,223.1612903225806,150.7096774193548,163.1071428571429,198.1612903225806,306.8333333333333,397.2258064516129,932.8,604.516129,583.3225806451613,1195.666666666667,1538.709677419355,680.3333333333334,438.1333333333333
2017-12-31,223.1612903225806,150.7096774193548,163.1071428571429,198.1612903225806,306.8333333333333,397.2258064516129,932.8,604.516129,583.3225806451613,1195.666666666667,1538.709677419355,680.3333333333334,313.0967741935484,465.6774193548387
2018-01-31,150.7096774193548,163.1071428571429,198.1612903225806,306.8333333333333,397.2258064516129,932.8,604.516129,583.3225806451613,1195.666666666667,1538.709677419355,680.3333333333334,313.0967741935484,188.0,438.9354838709677
2018-02-28,163.1071428571429,198.1612903225806,306.8333333333333,397.2258064516129,932.8,604.516129,583.3225806451613,1195.666666666667,1538.709677419355,680.3333333333334,313.0967741935484,188.0,177.1071428571429,405.3571428571428
2018-03-31,198.1612903225806,306.8333333333333,397.2258064516129,932.8,604.516129,583.3225806451613,1195.666666666667,1538.709677419355,680.3333333333334,313.0967741935484,188.0,177.1071428571429,221.5483870967742,447.7096774193548
2018-04-30,306.8333333333333,397.2258064516129,932.8,604.516129,583.3225806451613,1195.666666666667,1538.709677419355,680.3333333333334,313.0967741935484,188.0,177.1071428571429,221.5483870967742,413.3333333333333,645.2666666666667
2018-05-31,397.2258064516129,932.8,604.516129,583.3225806451613,1195.666666666667,1538.709677419355,680.3333333333334,313.0967741935484,188.0,177.1071428571429,221.5483870967742,413.3333333333333,831.0967741935484,843.2903225806451
2018-06-30,932.8,604.516129,583.3225806451613,1195.666666666667,1538.709677419355,680.3333333333334,313.0967741935484,188.0,177.1071428571429,221.5483870967742,413.3333333333333,831.0967741935484,1062.833333333333,974.5666666666668
2018-07-31,604.516129,583.3225806451613,1195.666666666667,1538.709677419355,680.3333333333334,313.0967741935484,188.0,177.1071428571429,221.5483870967742,413.3333333333333,831.0967741935484,1062.833333333333,2295.483870967742,1152.483870967742
2018-08-31,583.3225806451613,1195.666666666667,1538.709677419355,680.3333333333334,313.0967741935484,188.0,177.1071428571429,221.5483870967742,413.3333333333333,831.0967741935484,1062.833333333333,2295.483870967742,1298.387096774194,1005.9354838709676
2018-09-30,1195.666666666667,1538.709677419355,680.3333333333334,313.0967741935484,188.0,177.1071428571429,221.5483870967742,413.3333333333333,831.0967741935484,1062.833333333333,2295.483870967742,1298.387096774194,2098.333333333333,1700.6333333333334
2018-10-31,1538.709677419355,680.3333333333334,313.0967741935484,188.0,177.1071428571429,221.5483870967742,413.3333333333333,831.0967741935484,1062.833333333333,2295.483870967742,1298.387096774194,2098.333333333333,1399.193548387097,1071.6129032258063
2018-11-30,680.3333333333334,313.0967741935484,188.0,177.1071428571429,221.5483870967742,413.3333333333333,831.0967741935484,1062.833333333333,2295.483870967742,1298.387096774194,2098.333333333333,1399.193548387097,692.7666666666667,566.3666666666667
2018-12-31,313.0967741935484,188.0,177.1071428571429,221.5483870967742,413.3333333333333,831.0967741935484,1062.833333333333,2295.483870967742,1298.387096774194,2098.333333333333,1399.193548387097,692.7666666666667,345.8064516129032,548.8709677419355
2019-01-31,188.0,177.1071428571429,221.5483870967742,413.3333333333333,831.0967741935484,1062.833333333333,2295.483870967742,1298.387096774194,2098.333333333333,1399.193548387097,692.7666666666667,345.8064516129032,264.1290322580645,438.94
2019-02-28,177.1071428571429,221.5483870967742,413.3333333333333,831.0967741935484,1062.833333333333,2295.483870967742,1298.387096774194,2098.333333333333,1399.193548387097,692.7666666666667,345.8064516129032,264.1290322580645,270.17857142857144,405.36
2019-03-31,221.5483870967742,413.3333333333333,831.0967741935484,1062.833333333333,2295.483870967742,1298.387096774194,2098.333333333333,1399.193548387097,692.7666666666667,345.8064516129032,264.1290322580645,270.17857142857144,298.1290322580645,447.71
2019-04-30,413.3333333333333,831.0967741935484,1062.833333333333,2295.483870967742,1298.387096774194,2098.333333333333,1399.193548387097,692.7666666666667,345.8064516129032,264.1290322580645,270.17857142857144,298.1290322580645,564.5333333333333,645.27
2019-05-31,831.0967741935484,1062.833333333333,2295.483870967742,1298.387096774194,2098.333333333333,1399.193548387097,692.7666666666667,345.8064516129032,264.1290322580645,270.17857142857144,298.1290322580645,564.5333333333333,825.0,843.29
2019-06-30,1062.833333333333,2295.483870967742,1298.387096774194,2098.333333333333,1399.193548387097,692.7666666666667,345.8064516129032,264.1290322580645,270.17857142857144,298.1290322580645,564.5333333333333,825.0,1689.1333333333334,974.57
2019-07-31,2295.483870967742,1298.387096774194,2098.333333333333,1399.193548387097,692.7666666666667,345.8064516129032,264.1290322580645,270.17857142857144,298.1290322580645,564.5333333333333,825.0,1689.1333333333334,2184.8387096774195,1152.48
2019-08-31,1298.387096774194,2098.333333333333,1399.193548387097,692.7666666666667,345.8064516129032,264.1290322580645,270.17857142857144,298.1290322580645,564.5333333333333,825.0,1689.1333333333334,2184.8387096774195,1497.0967741935483,1005.94
2019-09-30,2098.333333333333,1399.193548387097,692.7666666666667,345.8064516129032,264.1290322580645,270.17857142857144,298.1290322580645,564.5333333333333,825.0,1689.1333333333334,2184.8387096774195,1497.0967741935483,1759.6666666666667,1700.63
2019-10-31,1399.193548387097,692.7666666666667,345.8064516129032,264.1290322580645,270.17857142857144,298.1290322580645,564.5333333333333,825.0,1689.1333333333334,2184.8387096774195,1497.0967741935483,1759.6666666666667,1367.3870967741937,1071.61
2019-11-30,692.7666666666667,345.8064516129032,264.1290322580645,270.17857142857144,298.1290322580645,564.5333333333333,825.0,1689.1333333333334,2184.8387096774195,1497.0967741935483,1759.6666666666667,1367.3870967741937,721.1666666666666,566.37
2019-12-31,345.8064516129032,264.1290322580645,270.17857142857144,298.1290322580645,564.5333333333333,825.0,1689.1333333333334,2184.8387096774195,1497.0967741935483,1759.6666666666667,1367.3870967741937,721.1666666666666,324.5483870967742,548.87
