date,tnh_flow_{t-11},tnh_flow_{t-10},tnh_flow_{t-9},tnh_flow_{t-8},tnh_flow_{t-7},tnh_flow_{t-6},tnh_flow_{t-5},tnh_flow_{t-4},tnh_flow_{t-3},tnh_flow_{t-2},tnh_flow_{t-1},tnh_flow_{t},tnh_flow_{t+1},flow_{t+1}
1961-01-31,114.99402628434886,121.00893997445722,158.90083632019116,209.9922839506173,252.01612903225808,554.0123456790124,1080.1224611708485,1210.0507765830346,1010.0308641975308,787.037037,459.10493827160496,200.00746714456392,168.01075268817203,219.0113500597372
1961-02-28,121.00893997445722,158.90083632019116,209.9922839506173,252.01612903225808,554.0123456790124,1080.1224611708485,1210.0507765830346,1010.0308641975308,787.037037,459.10493827160496,200.00746714456392,168.01075268817203,160.135582,214.9884259259259
1961-03-31,158.90083632019116,209.9922839506173,252.01612903225808,554.0123456790124,1080.1224611708485,1210.0507765830346,1010.0308641975308,787.037037,459.10493827160496,200.00746714456392,168.01075268817203,160.135582,231.00731780167263,279.00985663082434
1961-04-30,209.9922839506173,252.01612903225808,554.0123456790124,1080.1224611708485,1210.0507765830346,1010.0308641975308,787.037037,459.10493827160496,200.00746714456392,168.01075268817203,160.135582,231.00731780167263,469.9074074074074,525.0771604938271
1961-05-31,252.01612903225808,554.0123456790124,1080.1224611708485,1210.0507765830346,1010.0308641975308,787.037037,459.10493827160496,200.00746714456392,168.01075268817203,160.135582,231.00731780167263,469.9074074074074,635.8273596176822,701.9115890083632
1961-06-30,554.0123456790124,1080.1224611708485,1210.0507765830346,1010.0308641975308,787.037037,459.10493827160496,200.00746714456392,168.01075268817203,160.135582,231.00731780167263,469.9074074074074,635.8273596176822,784.5293209876543,849.9228395061729
1961-07-31,1080.1224611708485,1210.0507765830346,1010.0308641975308,787.037037,459.10493827160496,200.00746714456392,168.01075268817203,160.135582,231.00731780167263,469.9074074074074,635.8273596176822,784.5293209876543,1649.8655913978494,1749.9253285543607
1961-08-31,1210.0507765830346,1010.0308641975308,787.037037,459.10493827160496,200.00746714456392,168.01075268817203,160.135582,231.00731780167263,469.9074074074074,635.8273596176822,784.5293209876543,1649.8655913978494,1089.8297491039427,1210.0507765830346
1961-09-30,1010.0308641975308,787.037037,459.10493827160496,200.00746714456392,168.01075268817203,160.135582,231.00731780167263,469.9074074074074,635.8273596176822,784.5293209876543,1649.8655913978494,1089.8297491039427,1060.1851851851852,1260.0308641975307
1961-10-31,787.037037,459.10493827160496,200.00746714456392,168.01075268817203,160.135582,231.00731780167263,469.9074074074074,635.8273596176822,784.5293209876543,1649.8655913978494,1089.8297491039427,1060.1851851851852,1300.0298685782557,1479.9880525686976
1961-11-30,459.10493827160496,200.00746714456392,168.01075268817203,160.135582,231.00731780167263,469.9074074074074,635.8273596176822,784.5293209876543,1649.8655913978494,1089.8297491039427,1060.1851851851852,1300.0298685782557,695.9876543209876,880.0154320987655
1961-12-31,200.00746714456392,168.01075268817203,160.135582,231.00731780167263,469.9074074074074,635.8273596176822,784.5293209876543,1649.8655913978494,1089.8297491039427,1060.1851851851852,1300.0298685782557,695.9876543209876,269.0038829151732,368.9889486260453
1962-01-31,168.01075268817203,160.135582,231.00731780167263,469.9074074074074,635.8273596176822,784.5293209876543,1649.8655913978494,1089.8297491039427,1060.1851851851852,1300.0298685782557,695.9876543209876,269.0038829151732,192.98835125448028,256.98178016726405
1962-02-28,160.135582,231.00731780167263,469.9074074074074,635.8273596176822,784.5293209876543,1649.8655913978494,1089.8297491039427,1060.1851851851852,1300.0298685782557,695.9876543209876,269.0038829151732,192.98835125448028,185.0198412698413,234.99503968253967
1962-03-31,231.00731780167263,469.9074074074074,635.8273596176822,784.5293209876543,1649.8655913978494,1089.8297491039427,1060.1851851851852,1300.0298685782557,695.9876543209876,269.0038829151732,192.98835125448028,185.0198412698413,201.9862604540024,289.35185185185185
1962-04-30,469.9074074074074,635.8273596176822,784.5293209876543,1649.8655913978494,1089.8297491039427,1060.1851851851852,1300.0298685782557,695.9876543209876,269.0038829151732,192.98835125448028,185.0198412698413,201.9862604540024,400.8487654320988,444.0586419753087
1962-05-31,635.8273596176822,784.5293209876543,1649.8655913978494,1089.8297491039427,1060.1851851851852,1300.0298685782557,695.9876543209876,269.0038829151732,192.98835125448028,185.0198412698413,201.9862604540024,400.8487654320988,576.0902031063322,617.9062126642772
1962-06-30,784.5293209876543,1649.8655913978494,1089.8297491039427,1060.1851851851852,1300.0298685782557,695.9876543209876,269.0038829151732,192.98835125448028,185.0198412698413,201.9862604540024,400.8487654320988,576.0902031063322,1050.1543209876545,1160.108024691358
1962-07-31,1649.8655913978494,1089.8297491039427,1060.1851851851852,1300.0298685782557,695.9876543209876,269.0038829151732,192.98835125448028,185.0198412698413,201.9862604540024,400.8487654320988,576.0902031063322,1050.1543209876545,1379.9283154121863,1490.068697729988
1962-08-31,1089.8297491039427,1060.1851851851852,1300.0298685782557,695.9876543209876,269.0038829151732,192.98835125448028,185.0198412698413,201.9862604540024,400.8487654320988,576.0902031063322,1050.1543209876545,1379.9283154121863,1099.910394265233,1260.0806451612902
1962-09-30,1060.1851851851852,1300.0298685782557,695.9876543209876,269.0038829151732,192.98835125448028,185.0198412698413,201.9862604540024,400.8487654320988,576.0902031063322,1050.1543209876545,1379.9283154121863,1099.910394265233,641.9753086419753,755.0154320987655
1962-10-31,1300.0298685782557,695.9876543209876,269.0038829151732,192.98835125448028,185.0198412698413,201.9862604540024,400.8487654320988,576.0902031063322,1050.1543209876545,1379.9283154121863,1099.910394265233,641.9753086419753,670.9229390681004,778.0764635603346
1962-11-30,695.9876543209876,269.0038829151732,192.98835125448028,185.0198412698413,201.9862604540024,400.8487654320988,576.0902031063322,1050.1543209876545,1379.9283154121863,1099.910394265233,641.9753086419753,670.9229390681004,415.89506172839504,511.1882716049383
1962-12-31,269.0038829151732,192.98835125448028,185.0198412698413,201.9862604540024,400.8487654320988,576.0902031063322,1050.1543209876545,1379.9283154121863,1099.910394265233,641.9753086419753,670.9229390681004,415.89506172839504,187.0146356033453,275.98566308243727
1963-01-31,192.98835125448028,185.0198412698413,201.9862604540024,400.8487654320988,576.0902031063322,1050.1543209876545,1379.9283154121863,1099.910394265233,641.9753086419753,670.9229390681004,415.89506172839504,187.0146356033453,130.00298685782556,176.00059737156514
1963-02-28,185.0198412698413,201.9862604540024,400.8487654320988,576.0902031063322,1050.1543209876545,1379.9283154121863,1099.910394265233,641.9753086419753,670.9229390681004,415.89506172839504,187.0146356033453,130.00298685782556,129.00958994708995,188.98809523809524
1963-03-31,201.9862604540024,400.8487654320988,576.0902031063322,1050.1543209876545,1379.9283154121863,1099.910394265233,641.9753086419753,670.9229390681004,415.89506172839504,187.0146356033453,130.00298685782556,129.00958994708995,179.99551971326164,247.98387096774192
1963-04-30,400.8487654320988,576.0902031063322,1050.1543209876545,1379.9283154121863,1099.910394265233,641.9753086419753,670.9229390681004,415.89506172839504,187.0146356033453,130.00298685782556,129.00958994708995,179.99551971326164,272.9938271604938,331.01851851851853
1963-05-31,576.0902031063322,1050.1543209876545,1379.9283154121863,1099.910394265233,641.9753086419753,670.9229390681004,415.89506172839504,187.0146356033453,130.00298685782556,129.00958994708995,179.99551971326164,272.9938271604938,449.14874551971326,523.8201911589008
1963-06-30,1050.1543209876545,1379.9283154121863,1099.910394265233,641.9753086419753,670.9229390681004,415.89506172839504,187.0146356033453,130.00298685782556,129.00958994708995,179.99551971326164,272.9938271604938,449.14874551971326,648.9197530864197,714.8919753
1963-07-31,1379.9283154121863,1099.910394265233,641.9753086419753,670.9229390681004,415.89506172839504,187.0146356033453,130.00298685782556,129.00958994708995,179.99551971326164,272.9938271604938,449.14874551971326,648.9197530864197,1490.068697729988,1609.9163679808842
1963-08-31,1099.910394265233,641.9753086419753,670.9229390681004,415.89506172839504,187.0146356033453,130.00298685782556,129.00958994708995,179.99551971326164,272.9938271604938,449.14874551971326,648.9197530864197,1490.068697729988,1139.8596176821984,1310.110513739546
1963-09-30,641.9753086419753,670.9229390681004,415.89506172839504,187.0146356033453,130.00298685782556,129.00958994708995,179.99551971326164,272.9938271604938,449.14874551971326,648.9197530864197,1490.068697729988,1139.8596176821984,2219.9074074074074,2369.984567901234
1963-10-31,670.9229390681004,415.89506172839504,187.0146356033453,130.00298685782556,129.00958994708995,179.99551971326164,272.9938271604938,449.14874551971326,648.9197530864197,1490.068697729988,1139.8596176821984,2219.9074074074074,1540.0985663082438,1870.1463560334528
1963-11-30,415.89506172839504,187.0146356033453,130.00298685782556,129.00958994708995,179.99551971326164,272.9938271604938,449.14874551971326,648.9197530864197,1490.068697729988,1139.8596176821984,2219.9074074074074,1540.0985663082438,540.1234567901234,694.8302469135804
1963-12-31,187.0146356033453,130.00298685782556,129.00958994708995,179.99551971326164,272.9938271604938,449.14874551971326,648.9197530864197,1490.068697729988,1139.8596176821984,2219.9074074074074,1540.0985663082438,540.1234567901234,256.98178016726405,340.0164277180406
1964-01-31,130.00298685782556,129.00958994708995,179.99551971326164,272.9938271604938,449.14874551971326,648.9197530864197,1490.068697729988,1139.8596176821984,2219.9074074074074,1540.0985663082438,540.1234567901234,256.98178016726405,192.98835125448028,238.98596176821985
1964-02-29,129.00958994708995,179.99551971326164,272.9938271604938,449.14874551971326,648.9197530864197,1490.068697729988,1139.8596176821984,2219.9074074074074,1540.0985663082438,540.1234567901234,256.98178016726405,192.98835125448028,184.98563218390805,253.9910600255428
1964-03-31,179.99551971326164,272.9938271604938,449.14874551971326,648.9197530864197,1490.068697729988,1139.8596176821984,2219.9074074074074,1540.0985663082438,540.1234567901234,256.98178016726405,192.98835125448028,184.98563218390805,242.01015531660693,318.9964157706093
1964-04-30,272.9938271604938,449.14874551971326,648.9197530864197,1490.068697729988,1139.8596176821984,2219.9074074074074,1540.0985663082438,540.1234567901234,256.98178016726405,192.98835125448028,184.98563218390805,242.01015531660693,405.0925925925926,486.1111111111111
1964-05-31,449.14874551971326,648.9197530864197,1490.068697729988,1139.8596176821984,2219.9074074074074,1540.0985663082438,540.1234567901234,256.98178016726405,192.98835125448028,184.98563218390805,242.01015531660693,405.0925925925926,567.1296296296297,670.9229390681004
1964-06-30,648.9197530864197,1490.068697729988,1139.8596176821984,2219.9074074074074,1540.0985663082438,540.1234567901234,256.98178016726405,192.98835125448028,184.98563218390805,242.01015531660693,405.0925925925926,567.1296296296297,587.9629629629629,719.9074074074074
1964-07-31,1490.068697729988,1139.8596176821984,2219.9074074074074,1540.0985663082438,540.1234567901234,256.98178016726405,192.98835125448028,184.98563218390805,242.01015531660693,405.0925925925926,567.1296296296297,587.9629629629629,1820.116487455197,2000.0746714456395
1964-08-31,1139.8596176821984,2219.9074074074074,1540.0985663082438,540.1234567901234,256.98178016726405,192.98835125448028,184.98563218390805,242.01015531660693,405.0925925925926,567.1296296296297,587.9629629629629,1820.116487455197,1300.0298685782557,1540.0985663082438
1964-09-30,2219.9074074074074,1540.0985663082438,540.1234567901234,256.98178016726405,192.98835125448028,184.98563218390805,242.01015531660693,405.0925925925926,567.1296296296297,587.9629629629629,1820.116487455197,1300.0298685782557,1359.9537037037037,1599.9228395061727
1964-10-31,1540.0985663082438,540.1234567901234,256.98178016726405,192.98835125448028,184.98563218390805,242.01015531660693,405.0925925925926,567.1296296296297,587.9629629629629,1820.116487455197,1300.0298685782557,1359.9537037037037,1160.020908004779,1369.847670250896
1964-11-30,540.1234567901234,256.98178016726405,192.98835125448028,184.98563218390805,242.01015531660693,405.0925925925926,567.1296296296297,587.9629629629629,1820.116487455197,1300.0298685782557,1359.9537037037037,1160.020908004779,540.8950617,652.0061728395061
1964-12-31,256.98178016726405,192.98835125448028,184.98563218390805,242.01015531660693,405.0925925925926,567.1296296296297,587.9629629629629,1820.116487455197,1300.0298685782557,1359.9537037037037,1160.020908004779,540.8950617,256.98178016726405,332.9973118
1965-01-31,192.98835125448028,184.98563218390805,242.01015531660693,405.0925925925926,567.1296296296297,587.9629629629629,1820.116487455197,1300.0298685782557,1359.9537037037037,1160.020908004779,540.8950617,256.98178016726405,186.00657108721623,238.98596176821985
1965-02-28,184.98563218390805,242.01015531660693,405.0925925925926,567.1296296296297,587.9629629629629,1820.116487455197,1300.0298685782557,1359.9537037037037,1160.020908004779,540.8950617,256.98178016726405,186.00657108721623,189.9801587301588,265.54232804232805
1965-03-31,242.01015531660693,405.0925925925926,567.1296296296297,587.9629629629629,1820.116487455197,1300.0298685782557,1359.9537037037037,1160.020908004779,540.8950617,256.98178016726405,186.00657108721623,189.9801587301588,210.01344086021504,283.0047789725209
1965-04-30,405.0925925925926,567.1296296296297,587.9629629629629,1820.116487455197,1300.0298685782557,1359.9537037037037,1160.020908004779,540.8950617,256.98178016726405,186.00657108721623,189.9801587301588,210.01344086021504,347.9938271604938,432.8703703703704
1965-05-31,567.1296296296297,587.9629629629629,1820.116487455197,1300.0298685782557,1359.9537037037037,1160.020908004779,540.8950617,256.98178016726405,186.00657108721623,189.9801587301588,210.01344086021504,347.9938271604938,577.9569892473119,667.9360812425329
1965-06-30,587.9629629629629,1820.116487455197,1300.0298685782557,1359.9537037037037,1160.020908004779,540.8950617,256.98178016726405,186.00657108721623,189.9801587301588,210.01344086021504,347.9938271604938,577.9569892473119,824.8456790123457,935.1851851851852
1965-07-31,1820.116487455197,1300.0298685782557,1359.9537037037037,1160.020908004779,540.8950617,256.98178016726405,186.00657108721623,189.9801587301588,210.01344086021504,347.9938271604938,577.9569892473119,824.8456790123457,1440.0388291517324,1569.9671445639185
1965-08-31,1300.0298685782557,1359.9537037037037,1160.020908004779,540.8950617,256.98178016726405,186.00657108721623,189.9801587301588,210.01344086021504,347.9938271604938,577.9569892473119,824.8456790123457,1440.0388291517324,711.9922341696536,838.9336917562724
1965-09-30,1359.9537037037037,1160.020908004779,540.8950617,256.98178016726405,186.00657108721623,189.9801587301588,210.01344086021504,347.9938271604938,577.9569892473119,824.8456790123457,1440.0388291517324,711.9922341696536,964.8919753,1050.1543209876545
1965-10-31,1160.020908004779,540.8950617,256.98178016726405,186.00657108721623,189.9801587301588,210.01344086021504,347.9938271604938,577.9569892473119,824.8456790123457,1440.0388291517324,711.9922341696536,964.8919753,778.8231780167264,869.9223416965352
1965-11-30,540.8950617,256.98178016726405,186.00657108721623,189.9801587301588,210.01344086021504,347.9938271604938,577.9569892473119,824.8456790123457,1440.0388291517324,711.9922341696536,964.8919753,778.8231780167264,369.9845679012346,447.9166666666667
1965-12-31,256.98178016726405,186.00657108721623,189.9801587301588,210.01344086021504,347.9938271604938,577.9569892473119,824.8456790123457,1440.0388291517324,711.9922341696536,964.8919753,778.8231780167264,369.9845679012346,168.9814814814815,223.0062724014337
1966-01-31,186.00657108721623,189.9801587301588,210.01344086021504,347.9938271604938,577.9569892473119,824.8456790123457,1440.0388291517324,711.9922341696536,964.8919753,778.8231780167264,369.9845679012346,168.9814814814815,169.98954599761052,187.0146356033453
1966-02-28,189.9801587301588,210.01344086021504,347.9938271604938,577.9569892473119,824.8456790123457,1440.0388291517324,711.9922341696536,964.8919753,778.8231780167264,369.9845679012346,168.9814814814815,169.98954599761052,159.01951058201058,187.00396825396825
1966-03-31,210.01344086021504,347.9938271604938,577.9569892473119,824.8456790123457,1440.0388291517324,711.9922341696536,964.8919753,778.8231780167264,369.9845679012346,168.9814814814815,169.98954599761052,159.01951058201058,224.98506571087216,244.99701314217444
1966-04-30,347.9938271604938,577.9569892473119,824.8456790123457,1440.0388291517324,711.9922341696536,964.8919753,778.8231780167264,369.9845679012346,168.9814814814815,169.98954599761052,159.01951058201058,224.98506571087216,302.0061728395062,334.99228395061726
1966-05-31,577.9569892473119,824.8456790123457,1440.0388291517324,711.9922341696536,964.8919753,778.8231780167264,369.9845679012346,168.9814814814815,169.98954599761052,159.01951058201058,224.98506571087216,302.0061728395062,349.0143369175628,405.0925925925926
1966-06-30,824.8456790123457,1440.0388291517324,711.9922341696536,964.8919753,778.8231780167264,369.9845679012346,168.9814814814815,169.98954599761052,159.01951058201058,224.98506571087216,302.0061728395062,349.0143369175628,425.15432098765433,484.1820987654321
1966-07-31,1440.0388291517324,711.9922341696536,964.8919753,778.8231780167264,369.9845679012346,168.9814814814815,169.98954599761052,159.01951058201058,224.98506571087216,302.0061728395062,349.0143369175628,425.15432098765433,1049.8805256869773,1040.1732377538829
1966-08-31,711.9922341696536,964.8919753,778.8231780167264,369.9845679012346,168.9814814814815,169.98954599761052,159.01951058201058,224.98506571087216,302.0061728395062,349.0143369175628,425.15432098765433,1049.8805256869773,1689.8148148148148,1780.1672640382317
1966-09-30,964.8919753,778.8231780167264,369.9845679012346,168.9814814814815,169.98954599761052,159.01951058201058,224.98506571087216,302.0061728395062,349.0143369175628,425.15432098765433,1049.8805256869773,1689.8148148148148,2010.030864197531,2060.185185185185
1966-10-31,778.8231780167264,369.9845679012346,168.9814814814815,169.98954599761052,159.01951058201058,224.98506571087216,302.0061728395062,349.0143369175628,425.15432098765433,1049.8805256869773,1689.8148148148148,2010.030864197531,1350.0597371565111,1469.9074074074072
1966-11-30,369.9845679012346,168.9814814814815,169.98954599761052,159.01951058201058,224.98506571087216,302.0061728395062,349.0143369175628,425.15432098765433,1049.8805256869773,1689.8148148148148,2010.030864197531,1350.0597371565111,569.0586419753087,635.0308641975308
1966-12-31,168.9814814814815,169.98954599761052,159.01951058201058,224.98506571087216,302.0061728395062,349.0143369175628,425.15432098765433,1049.8805256869773,1689.8148148148148,2010.030864197531,1350.0597371565111,569.0586419753087,272.9988052568698,325.0074671445639
1967-01-31,169.98954599761052,159.01951058201058,224.98506571087216,302.0061728395062,349.0143369175628,425.15432098765433,1049.8805256869773,1689.8148148148148,2010.030864197531,1350.0597371565111,569.0586419753087,272.9988052568698,201.0155316606929,243.9889486260454
1967-02-28,159.01951058201058,224.98506571087216,302.0061728395062,349.0143369175628,425.15432098765433,1049.8805256869773,1689.8148148148148,2010.030864197531,1350.0597371565111,569.0586419753087,272.9988052568698,201.0155316606929,186.0119047619048,218.0059523809524
1967-03-31,224.98506571087216,302.0061728395062,349.0143369175628,425.15432098765433,1049.8805256869773,1689.8148148148148,2010.030864197531,1350.0597371565111,569.0586419753087,272.9988052568698,201.0155316606929,186.0119047619048,247.98387096774192,270.98267622461174
1967-04-30,302.0061728395062,349.0143369175628,425.15432098765433,1049.8805256869773,1689.8148148148148,2010.030864197531,1350.0597371565111,569.0586419753087,272.9988052568698,201.0155316606929,186.0119047619048,247.98387096774192,360.9953703703703,369.9845679012346
1967-05-31,349.0143369175628,425.15432098765433,1049.8805256869773,1689.8148148148148,2010.030864197531,1350.0597371565111,569.0586419753087,272.9988052568698,201.0155316606929,186.0119047619048,247.98387096774192,360.9953703703703,1099.910394265233,1160.020908004779
1967-06-30,425.15432098765433,1049.8805256869773,1689.8148148148148,2010.030864197531,1350.0597371565111,569.0586419753087,272.9988052568698,201.0155316606929,186.0119047619048,247.98387096774192,360.9953703703703,1099.910394265233,1130.0154320987654,1219.9074074074074
1967-07-31,1049.8805256869773,1689.8148148148148,2010.030864197531,1350.0597371565111,569.0586419753087,272.9988052568698,201.0155316606929,186.0119047619048,247.98387096774192,360.9953703703703,1099.910394265233,1130.0154320987654,2029.9432497013145,2113.575268817204
1967-08-31,1689.8148148148148,2010.030864197531,1350.0597371565111,569.0586419753087,272.9988052568698,201.0155316606929,186.0119047619048,247.98387096774192,360.9953703703703,1099.910394265233,1130.0154320987654,2029.9432497013145,1580.047789725209,1699.895459976105
1967-09-30,2010.030864197531,1350.0597371565111,569.0586419753087,272.9988052568698,201.0155316606929,186.0119047619048,247.98387096774192,360.9953703703703,1099.910394265233,1130.0154320987654,2029.9432497013145,1580.047789725209,2400.077160493828,2550.154320987654
1967-10-31,1350.0597371565111,569.0586419753087,272.9988052568698,201.0155316606929,186.0119047619048,247.98387096774192,360.9953703703703,1099.910394265233,1130.0154320987654,2029.9432497013145,1580.047789725209,2400.077160493828,1509.8566308243728,1630.077658303465
1967-11-30,569.0586419753087,272.9988052568698,201.0155316606929,186.0119047619048,247.98387096774192,360.9953703703703,1099.910394265233,1130.0154320987654,2029.9432497013145,1580.047789725209,2400.077160493828,1509.8566308243728,719.9074074074074,841.0493827160494
1967-12-31,272.9988052568698,201.0155316606929,186.0119047619048,247.98387096774192,360.9953703703703,1099.910394265233,1130.0154320987654,2029.9432497013145,1580.047789725209,2400.077160493828,1509.8566308243728,719.9074074074074,307.9823775388292,386.0513739545997
1968-01-31,201.0155316606929,186.0119047619048,247.98387096774192,360.9953703703703,1099.910394265233,1130.0154320987654,2029.9432497013145,1580.047789725209,2400.077160493828,1509.8566308243728,719.9074074074074,307.9823775388292,238.98596176821985,286.9997013142174
1968-02-29,186.0119047619048,247.98387096774192,360.9953703703703,1099.910394265233,1130.0154320987654,2029.9432497013145,1580.047789725209,2400.077160493828,1509.8566308243728,719.9074074074074,307.9823775388292,238.98596176821985,211.0073436,253.9910600255428
1968-03-31,247.98387096774192,360.9953703703703,1099.910394265233,1130.0154320987654,2029.9432497013145,1580.047789725209,2400.077160493828,1509.8566308243728,719.9074074074074,307.9823775388292,238.98596176821985,211.0073436,289.98655913978496,317.9883512544803
1968-04-30,360.9953703703703,1099.910394265233,1130.0154320987654,2029.9432497013145,1580.047789725209,2400.077160493828,1509.8566308243728,719.9074074074074,307.9823775388292,238.98596176821985,211.0073436,289.98655913978496,491.12654320987656,496.9135802469136
1968-05-31,1099.910394265233,1130.0154320987654,2029.9432497013145,1580.047789725209,2400.077160493828,1509.8566308243728,719.9074074074074,307.9823775388292,238.98596176821985,211.0073436,289.98655913978496,491.12654320987656,1149.9402628434889,1189.889486260454
1968-06-30,1130.0154320987654,2029.9432497013145,1580.047789725209,2400.077160493828,1509.8566308243728,719.9074074074074,307.9823775388292,238.98596176821985,211.0073436,289.98655913978496,491.12654320987656,1149.9402628434889,1109.9537037037037,1130.0154320987654
1968-07-31,2029.9432497013145,1580.047789725209,2400.077160493828,1509.8566308243728,719.9074074074074,307.9823775388292,238.98596176821985,211.0073436,289.98655913978496,491.12654320987656,1149.9402628434889,1109.9537037037037,1329.8984468339306,1440.0388291517324
1968-08-31,1580.047789725209,2400.077160493828,1509.8566308243728,719.9074074074074,307.9823775388292,238.98596176821985,211.0073436,289.98655913978496,491.12654320987656,1149.9402628434889,1109.9537037037037,1329.8984468339306,921.0722819593788,1020.0119474313022
1968-09-30,2400.077160493828,1509.8566308243728,719.9074074074074,307.9823775388292,238.98596176821985,211.0073436,289.98655913978496,491.12654320987656,1149.9402628434889,1109.9537037037037,1329.8984468339306,921.0722819593788,2050.1543209876545,2069.830247
1968-10-31,1509.8566308243728,719.9074074074074,307.9823775388292,238.98596176821985,211.0073436,289.98655913978496,491.12654320987656,1149.9402628434889,1109.9537037037037,1329.8984468339306,921.0722819593788,2050.1543209876545,1130.152329749104,1319.8178016726404
1968-11-30,719.9074074074074,307.9823775388292,238.98596176821985,211.0073436,289.98655913978496,491.12654320987656,1149.9402628434889,1109.9537037037037,1329.8984468339306,921.0722819593788,2050.1543209876545,1130.152329749104,513.1172839506173,677.8549383
1968-12-31,307.9823775388292,238.98596176821985,211.0073436,289.98655913978496,491.12654320987656,1149.9402628434889,1109.9537037037037,1329.8984468339306,921.0722819593788,2050.1543209876545,1130.152329749104,513.1172839506173,274.0068697729988,378.9575866188769
1969-01-31,238.98596176821985,211.0073436,289.98655913978496,491.12654320987656,1149.9402628434889,1109.9537037037037,1329.8984468339306,921.0722819593788,2050.1543209876545,1130.152329749104,513.1172839506173,274.0068697729988,210.7974910394265,261.9847670250896
1969-02-28,211.0073436,289.98655913978496,491.12654320987656,1149.9402628434889,1109.9537037037037,1329.8984468339306,921.0722819593788,2050.1543209876545,1130.152329749104,513.1172839506173,274.0068697729988,210.7974910394265,192.00562169312167,251.984127
1969-03-31,289.98655913978496,491.12654320987656,1149.9402628434889,1109.9537037037037,1329.8984468339306,921.0722819593788,2050.1543209876545,1130.152329749104,513.1172839506173,274.0068697729988,210.7974910394265,192.00562169312167,241.0020908004779,294.9895459976105
1969-04-30,491.12654320987656,1149.9402628434889,1109.9537037037037,1329.8984468339306,921.0722819593788,2050.1543209876545,1130.152329749104,513.1172839506173,274.0068697729988,210.7974910394265,192.00562169312167,241.0020908004779,311.99845679012344,375.00000000000006
1969-05-31,1149.9402628434889,1109.9537037037037,1329.8984468339306,921.0722819593788,2050.1543209876545,1130.152329749104,513.1172839506173,274.0068697729988,210.7974910394265,192.00562169312167,241.0020908004779,311.99845679012344,465.2031063321386,548.8351254480286
1969-06-30,1109.9537037037037,1329.8984468339306,921.0722819593788,2050.1543209876545,1130.152329749104,513.1172839506173,274.0068697729988,210.7974910394265,192.00562169312167,241.0020908004779,311.99845679012344,465.2031063321386,631.9444444444445,689.8148148148148
1969-07-31,1329.8984468339306,921.0722819593788,2050.1543209876545,1130.152329749104,513.1172839506173,274.0068697729988,210.7974910394265,192.00562169312167,241.0020908004779,311.99845679012344,465.2031063321386,631.9444444444445,1080.1224611708485,1149.9402628434889
1969-08-31,921.0722819593788,2050.1543209876545,1130.152329749104,513.1172839506173,274.0068697729988,210.7974910394265,192.00562169312167,241.0020908004779,311.99845679012344,465.2031063321386,631.9444444444445,1080.1224611708485,734.0203106332139,881.8697729988053
1969-09-30,2050.1543209876545,1130.152329749104,513.1172839506173,274.0068697729988,210.7974910394265,192.00562169312167,241.0020908004779,311.99845679012344,465.2031063321386,631.9444444444445,1080.1224611708485,734.0203106332139,689.0432098765432,768.1327160493827
1969-10-31,1130.152329749104,513.1172839506173,274.0068697729988,210.7974910394265,192.00562169312167,241.0020908004779,311.99845679012344,465.2031063321386,631.9444444444445,1080.1224611708485,734.0203106332139,689.0432098765432,775.0896057347671,896.0573476702509
1969-11-30,513.1172839506173,274.0068697729988,210.7974910394265,192.00562169312167,241.0020908004779,311.99845679012344,465.2031063321386,631.9444444444445,1080.1224611708485,734.0203106332139,689.0432098765432,775.0896057347671,352.0061728395062,437.1141975308642
1969-12-31,274.0068697729988,210.7974910394265,192.00562169312167,241.0020908004779,311.99845679012344,465.2031063321386,631.9444444444445,1080.1224611708485,734.0203106332139,689.0432098765432,775.0896057347671,352.0061728395062,159.98357228195937,218.0032855436081
1970-01-31,210.7974910394265,192.00562169312167,241.0020908004779,311.99845679012344,465.2031063321386,631.9444444444445,1080.1224611708485,734.0203106332139,689.0432098765432,775.0896057347671,352.0061728395062,159.98357228195937,128.99492234169654,183.99044205495807
1970-02-28,192.00562169312167,241.0020908004779,311.99845679012344,465.2031063321386,631.9444444444445,1080.1224611708485,734.0203106332139,689.0432098765432,775.0896057347671,352.0061728395062,159.98357228195937,128.99492234169654,129.00958994708995,159.01951058201058
1970-03-31,241.0020908004779,311.99845679012344,465.2031063321386,631.9444444444445,1080.1224611708485,734.0203106332139,689.0432098765432,775.0896057347671,352.0061728395062,159.98357228195937,128.99492234169654,129.00958994708995,181.00358422939067,200.00746714456392
1970-04-30,311.99845679012344,465.2031063321386,631.9444444444445,1080.1224611708485,734.0203106332139,689.0432098765432,775.0896057347671,352.0061728395062,159.98357228195937,128.99492234169654,129.00958994708995,181.00358422939067,363.0015432098766,380.0154320987654
1970-05-31,465.2031063321386,631.9444444444445,1080.1224611708485,734.0203106332139,689.0432098765432,775.0896057347671,352.0061728395062,159.98357228195937,128.99492234169654,129.00958994708995,181.00358422939067,363.0015432098766,540.9946237,594.0113500597372
1970-06-30,631.9444444444445,1080.1224611708485,734.0203106332139,689.0432098765432,775.0896057347671,352.0061728395062,159.98357228195937,128.99492234169654,129.00958994708995,181.00358422939067,363.0015432098766,540.9946237,655.0925925925926,714.1203703703704
1970-07-31,1080.1224611708485,734.0203106332139,689.0432098765432,775.0896057347671,352.0061728395062,159.98357228195937,128.99492234169654,129.00958994708995,181.00358422939067,363.0015432098766,540.9946237,655.0925925925926,709.0053763440859,731.0334528076463
1970-08-31,734.0203106332139,689.0432098765432,775.0896057347671,352.0061728395062,159.98357228195937,128.99492234169654,129.00958994708995,181.00358422939067,363.0015432098766,540.9946237,655.0925925925926,709.0053763440859,1099.910394265233,1229.8387096774193
1970-09-30,689.0432098765432,775.0896057347671,352.0061728395062,159.98357228195937,128.99492234169654,129.00958994708995,181.00358422939067,363.0015432098766,540.9946237,655.0925925925926,709.0053763440859,1099.910394265233,535.1080247,599.9228395061729
1970-10-31,775.0896057347671,352.0061728395062,159.98357228195937,128.99492234169654,129.00958994708995,181.00358422939067,363.0015432098766,540.9946237,655.0925925925926,709.0053763440859,1099.910394265233,535.1080247,583.9307048984468,645.1612903225806
1970-11-30,352.0061728395062,159.98357228195937,128.99492234169654,129.00958994708995,181.00358422939067,363.0015432098766,540.9946237,655.0925925925926,709.0053763440859,1099.910394265233,535.1080247,583.9307048984468,331.01851851851853,372.99382716049377
1970-12-31,159.98357228195937,128.99492234169654,129.00958994708995,181.00358422939067,363.0015432098766,540.9946237,655.0925925925926,709.0053763440859,1099.910394265233,535.1080247,583.9307048984468,331.01851851851853,159.98357228195937,186.00657108721623
1971-01-31,128.99492234169654,129.00958994708995,181.00358422939067,363.0015432098766,540.9946237,655.0925925925926,709.0053763440859,1099.910394265233,535.1080247,583.9307048984468,331.01851851851853,159.98357228195937,127.01612903225806,183.24372759856632
1971-02-28,129.00958994708995,181.00358422939067,363.0015432098766,540.9946237,655.0925925925926,709.0053763440859,1099.910394265233,535.1080247,583.9307048984468,331.01851851851853,159.98357228195937,127.01612903225806,41.33597883597884,156.00198412698413
1971-03-31,181.00358422939067,363.0015432098766,540.9946237,655.0925925925926,709.0053763440859,1099.910394265233,535.1080247,583.9307048984468,331.01851851851853,159.98357228195937,127.01612903225806,41.33597883597884,188.9934289127837,201.0155316606929
1971-04-30,363.0015432098766,540.9946237,655.0925925925926,709.0053763440859,1099.910394265233,535.1080247,583.9307048984468,331.01851851851853,159.98357228195937,127.01612903225806,41.33597883597884,188.9934289127837,335.9953703703704,315.0077160493827
1971-05-31,540.9946237,655.0925925925926,709.0053763440859,1099.910394265233,535.1080247,583.9307048984468,331.01851851851853,159.98357228195937,127.01612903225806,41.33597883597884,188.9934289127837,335.9953703703704,445.0418160095579,477.89725209080046
1971-06-30,655.0925925925926,709.0053763440859,1099.910394265233,535.1080247,583.9307048984468,331.01851851851853,159.98357228195937,127.01612903225806,41.33597883597884,188.9934289127837,335.9953703703704,445.0418160095579,618.0555555555555,618.8271604938271
1971-07-31,709.0053763440859,1099.910394265233,535.1080247,583.9307048984468,331.01851851851853,159.98357228195937,127.01612903225806,41.33597883597884,188.9934289127837,335.9953703703704,445.0418160095579,618.0555555555555,655.9886499402628,714.979092
1971-08-31,1099.910394265233,535.1080247,583.9307048984468,331.01851851851853,159.98357228195937,127.01612903225806,41.33597883597884,188.9934289127837,335.9953703703704,445.0418160095579,618.0555555555555,655.9886499402628,604.8387096774194,614.9193548387096
1971-09-30,535.1080247,583.9307048984468,331.01851851851853,159.98357228195937,127.01612903225806,41.33597883597884,188.9934289127837,335.9953703703704,445.0418160095579,618.0555555555555,655.9886499402628,604.8387096774194,1319.83024691358,1369.9845679012346
1971-10-31,583.9307048984468,331.01851851851853,159.98357228195937,127.01612903225806,41.33597883597884,188.9934289127837,335.9953703703704,445.0418160095579,618.0555555555555,655.9886499402628,604.8387096774194,1319.83024691358,1709.9761051373955,1870.1463560334528
1971-11-30,331.01851851851853,159.98357228195937,127.01612903225806,41.33597883597884,188.9934289127837,335.9953703703704,445.0418160095579,618.0555555555555,655.9886499402628,604.8387096774194,1319.83024691358,1709.9761051373955,641.9753086419753,755.0154320987655
1971-12-31,159.98357228195937,127.01612903225806,41.33597883597884,188.9934289127837,335.9953703703704,445.0418160095579,618.0555555555555,655.9886499402628,604.8387096774194,1319.83024691358,1709.9761051373955,641.9753086419753,272.9988052568698,303.0167264038232
1972-01-31,127.01612903225806,41.33597883597884,188.9934289127837,335.9953703703704,445.0418160095579,618.0555555555555,655.9886499402628,604.8387096774194,1319.83024691358,1709.9761051373955,641.9753086419753,272.9988052568698,211.9922341696536,220.99014336917563
1972-02-29,41.33597883597884,188.9934289127837,335.9953703703704,445.0418160095579,618.0555555555555,655.9886499402628,604.8387096774194,1319.83024691358,1709.9761051373955,641.9753086419753,272.9988052568698,211.9922341696536,196.0129310344828,212.00510855683268
1972-03-31,188.9934289127837,335.9953703703704,445.0418160095579,618.0555555555555,655.9886499402628,604.8387096774194,1319.83024691358,1709.9761051373955,641.9753086419753,272.9988052568698,211.9922341696536,196.0129310344828,275.01493428912784,280.98864994026286
1972-04-30,335.9953703703704,445.0418160095579,618.0555555555555,655.9886499402628,604.8387096774194,1319.83024691358,1709.9761051373955,641.9753086419753,272.9988052568698,211.9922341696536,196.0129310344828,275.01493428912784,423.9969135802469,440.2006172839506
1972-05-31,445.0418160095579,618.0555555555555,655.9886499402628,604.8387096774194,1319.83024691358,1709.9761051373955,641.9753086419753,272.9988052568698,211.9922341696536,196.0129310344828,275.01493428912784,423.9969135802469,709.0053763440859,742.9808841099162
1972-06-30,618.0555555555555,655.9886499402628,604.8387096774194,1319.83024691358,1709.9761051373955,641.9753086419753,272.9988052568698,211.9922341696536,196.0129310344828,275.01493428912784,423.9969135802469,709.0053763440859,1020.0617283950618,1060.1851851851852
1972-07-31,655.9886499402628,604.8387096774194,1319.83024691358,1709.9761051373955,641.9753086419753,272.9988052568698,211.9922341696536,196.0129310344828,275.01493428912784,423.9969135802469,709.0053763440859,1020.0617283950618,1920.1762246117084,1929.883512544803
1972-08-31,604.8387096774194,1319.83024691358,1709.9761051373955,641.9753086419753,272.9988052568698,211.9922341696536,196.0129310344828,275.01493428912784,423.9969135802469,709.0053763440859,1020.0617283950618,1920.1762246117084,980.0627240143368,1130.152329749104
1972-09-30,1319.83024691358,1709.9761051373955,641.9753086419753,272.9988052568698,211.9922341696536,196.0129310344828,275.01493428912784,423.9969135802469,709.0053763440859,1020.0617283950618,1920.1762246117084,980.0627240143368,758.8734567901236,814.8148148148148
1972-10-31,1709.9761051373955,641.9753086419753,272.9988052568698,211.9922341696536,196.0129310344828,275.01493428912784,423.9969135802469,709.0053763440859,1020.0617283950618,1920.1762246117084,980.0627240143368,758.8734567901236,607.8255675029868,652.6284348864993
1972-11-30,641.9753086419753,272.9988052568698,211.9922341696536,196.0129310344828,275.01493428912784,423.9969135802469,709.0053763440859,1020.0617283950618,1920.1762246117084,980.0627240143368,758.8734567901236,607.8255675029868,338.0015432098765,378.0092592592592
1972-12-31,272.9988052568698,211.9922341696536,196.0129310344828,275.01493428912784,423.9969135802469,709.0053763440859,1020.0617283950618,1920.1762246117084,980.0627240143368,758.8734567901236,607.8255675029868,338.0015432098765,192.98835125448028,215.01642771804063
1973-01-31,211.9922341696536,196.0129310344828,275.01493428912784,423.9969135802469,709.0053763440859,1020.0617283950618,1920.1762246117084,980.0627240143368,758.8734567901236,607.8255675029868,338.0015432098765,192.98835125448028,160.99163679808842,174.99253285543608
1973-02-28,196.0129310344828,275.01493428912784,423.9969135802469,709.0053763440859,1020.0617283950618,1920.1762246117084,980.0627240143368,758.8734567901236,607.8255675029868,338.0015432098765,192.98835125448028,160.99163679808842,160.01157407407408,178.98478835978835
1973-03-31,275.01493428912784,423.9969135802469,709.0053763440859,1020.0617283950618,1920.1762246117084,980.0627240143368,758.8734567901236,607.8255675029868,338.0015432098765,192.98835125448028,160.99163679808842,160.01157407407408,210.9841696535245,219.0113500597372
1973-04-30,423.9969135802469,709.0053763440859,1020.0617283950618,1920.1762246117084,980.0627240143368,758.8734567901236,607.8255675029868,338.0015432098765,192.98835125448028,160.99163679808842,160.01157407407408,210.9841696535245,272.9938271604938,279.0123456790124
1973-05-31,709.0053763440859,1020.0617283950618,1920.1762246117084,980.0627240143368,758.8734567901236,607.8255675029868,338.0015432098765,192.98835125448028,160.99163679808842,160.01157407407408,210.9841696535245,272.9938271604938,542.1146953405018,561.9026284348865
1973-06-30,1020.0617283950618,1920.1762246117084,980.0627240143368,758.8734567901236,607.8255675029868,338.0015432098765,192.98835125448028,160.99163679808842,160.01157407407408,210.9841696535245,272.9938271604938,542.1146953405018,1020.0617283950618,1000.0
1973-07-31,1920.1762246117084,980.0627240143368,758.8734567901236,607.8255675029868,338.0015432098765,192.98835125448028,160.99163679808842,160.01157407407408,210.9841696535245,272.9938271604938,542.1146953405018,1020.0617283950618,844.9074074074074,953.9277180406212
1973-08-31,980.0627240143368,758.8734567901236,607.8255675029868,338.0015432098765,192.98835125448028,160.99163679808842,160.01157407407408,210.9841696535245,272.9938271604938,542.1146953405018,1020.0617283950618,844.9074074074074,878.1362007168459,928.1660692951016
1973-09-30,758.8734567901236,607.8255675029868,338.0015432098765,192.98835125448028,160.99163679808842,160.01157407407408,210.9841696535245,272.9938271604938,542.1146953405018,1020.0617283950618,844.9074074074074,878.1362007168459,959.8765432098766,1069.830247
1973-10-31,607.8255675029868,338.0015432098765,192.98835125448028,160.99163679808842,160.01157407407408,210.9841696535245,272.9938271604938,542.1146953405018,1020.0617283950618,844.9074074074074,878.1362007168459,959.8765432098766,1020.0119474313022,1070.041816009558
1973-11-30,338.0015432098765,192.98835125448028,160.99163679808842,160.01157407407408,210.9841696535245,272.9938271604938,542.1146953405018,1020.0617283950618,844.9074074074074,878.1362007168459,959.8765432098766,1020.0119474313022,488.8117283950617,548.9969135802469
1973-12-31,192.98835125448028,160.99163679808842,160.01157407407408,210.9841696535245,272.9938271604938,542.1146953405018,1020.0617283950618,844.9074074074074,878.1362007168459,959.8765432098766,1020.0119474313022,488.8117283950617,229.0173237753883,256.0110513739546
1974-01-31,160.99163679808842,160.01157407407408,210.9841696535245,272.9938271604938,542.1146953405018,1020.0617283950618,844.9074074074074,878.1362007168459,959.8765432098766,1020.0119474313022,488.8117283950617,229.0173237753883,145.9826762246117,167.0026882
1974-02-28,160.01157407407408,210.9841696535245,272.9938271604938,542.1146953405018,1020.0617283950618,844.9074074074074,878.1362007168459,959.8765432098766,1020.0119474313022,488.8117283950617,229.0173237753883,145.9826762246117,155.00992063492063,181.0102513227513
1974-03-31,210.9841696535245,272.9938271604938,542.1146953405018,1020.0617283950618,844.9074074074074,878.1362007168459,959.8765432098766,1020.0119474313022,488.8117283950617,229.0173237753883,145.9826762246117,155.00992063492063,207.9973118,227.0011947431302
1974-04-30,272.9938271604938,542.1146953405018,1020.0617283950618,844.9074074074074,878.1362007168459,959.8765432098766,1020.0119474313022,488.8117283950617,229.0173237753883,145.9826762246117,155.00992063492063,207.9973118,298.99691358024694,325.0
1974-05-31,542.1146953405018,1020.0617283950618,844.9074074074074,878.1362007168459,959.8765432098766,1020.0119474313022,488.8117283950617,229.0173237753883,145.9826762246117,155.00992063492063,207.9973118,298.99691358024694,489.0979689366786,489.0979689366786
1974-06-30,1020.0617283950618,844.9074074074074,878.1362007168459,959.8765432098766,1020.0119474313022,488.8117283950617,229.0173237753883,145.9826762246117,155.00992063492063,207.9973118,298.99691358024694,489.0979689366786,875.0,917.0524691358024
1974-07-31,844.9074074074074,878.1362007168459,959.8765432098766,1020.0119474313022,488.8117283950617,229.0173237753883,145.9826762246117,155.00992063492063,207.9973118,298.99691358024694,489.0979689366786,875.0,856.8548387096774,897.9241338112306
1974-08-31,878.1362007168459,959.8765432098766,1020.0119474313022,488.8117283950617,229.0173237753883,145.9826762246117,155.00992063492063,207.9973118,298.99691358024694,489.0979689366786,875.0,856.8548387096774,996.863799283154,1040.1732377538829
1974-09-30,959.8765432098766,1020.0119474313022,488.8117283950617,229.0173237753883,145.9826762246117,155.00992063492063,207.9973118,298.99691358024694,489.0979689366786,875.0,856.8548387096774,996.863799283154,1339.8919753086418,1349.9228395061727
1974-10-31,1020.0119474313022,488.8117283950617,229.0173237753883,145.9826762246117,155.00992063492063,207.9973118,298.99691358024694,489.0979689366786,875.0,856.8548387096774,996.863799283154,1339.8919753086418,936.0065710872162,999.8506571087216
1974-11-30,488.8117283950617,229.0173237753883,145.9826762246117,155.00992063492063,207.9973118,298.99691358024694,489.0979689366786,875.0,856.8548387096774,996.863799283154,1339.8919753086418,936.0065710872162,565.9722222222222,636.1882716049382
1974-12-31,229.0173237753883,145.9826762246117,155.00992063492063,207.9973118,298.99691358024694,489.0979689366786,875.0,856.8548387096774,996.863799283154,1339.8919753086418,936.0065710872162,565.9722222222222,253.9949223416965,284.98357228195937
1975-01-31,145.9826762246117,155.00992063492063,207.9973118,298.99691358024694,489.0979689366786,875.0,856.8548387096774,996.863799283154,1339.8919753086418,936.0065710872162,565.9722222222222,253.9949223416965,168.01075268817203,192.98835125448028
1975-02-28,155.00992063492063,207.9973118,298.99691358024694,489.0979689366786,875.0,856.8548387096774,996.863799283154,1339.8919753086418,936.0065710872162,565.9722222222222,253.9949223416965,168.01075268817203,163.97982804232805,192.9976851851852
1975-03-31,207.9973118,298.99691358024694,489.0979689366786,875.0,856.8548387096774,996.863799283154,1339.8919753086418,936.0065710872162,565.9722222222222,253.9949223416965,168.01075268817203,163.97982804232805,227.0011947431302,242.01015531660693
1975-04-30,298.99691358024694,489.0979689366786,875.0,856.8548387096774,996.863799283154,1339.8919753086418,936.0065710872162,565.9722222222222,253.9949223416965,168.01075268817203,163.97982804232805,227.0011947431302,311.99845679012344,301.00308641975306
1975-05-31,489.0979689366786,875.0,856.8548387096774,996.863799283154,1339.8919753086418,936.0065710872162,565.9722222222222,253.9949223416965,168.01075268817203,163.97982804232805,227.0011947431302,311.99845679012344,688.0973715651135,679.8835125448029
1975-06-30,875.0,856.8548387096774,996.863799283154,1339.8919753086418,936.0065710872162,565.9722222222222,253.9949223416965,168.01075268817203,163.97982804232805,227.0011947431302,311.99845679012344,688.0973715651135,1140.0462962962963,1140.0462962962963
1975-07-31,856.8548387096774,996.863799283154,1339.8919753086418,936.0065710872162,565.9722222222222,253.9949223416965,168.01075268817203,163.97982804232805,227.0011947431302,311.99845679012344,688.0973715651135,1140.0462962962963,2309.961170848268,2280.0925925925926
1975-08-31,996.863799283154,1339.8919753086418,936.0065710872162,565.9722222222222,253.9949223416965,168.01075268817203,163.97982804232805,227.0011947431302,311.99845679012344,688.0973715651135,1140.0462962962963,2309.961170848268,1839.9044205495816,1929.883512544803
1975-09-30,1339.8919753086418,936.0065710872162,565.9722222222222,253.9949223416965,168.01075268817203,163.97982804232805,227.0011947431302,311.99845679012344,688.0973715651135,1140.0462962962963,2309.961170848268,1839.9044205495816,1689.8148148148148,1729.9382716049383
1975-10-31,936.0065710872162,565.9722222222222,253.9949223416965,168.01075268817203,163.97982804232805,227.0011947431302,311.99845679012344,688.0973715651135,1140.0462962962963,2309.961170848268,1839.9044205495816,1689.8148148148148,1969.8327359617683,2010.155316606929
1975-11-30,565.9722222222222,253.9949223416965,168.01075268817203,163.97982804232805,227.0011947431302,311.99845679012344,688.0973715651135,1140.0462962962963,2309.961170848268,1839.9044205495816,1689.8148148148148,1969.8327359617683,861.8827160493827,949.0740741
1975-12-31,253.9949223416965,168.01075268817203,163.97982804232805,227.0011947431302,311.99845679012344,688.0973715651135,1140.0462962962963,2309.961170848268,1839.9044205495816,1689.8148148148148,1969.8327359617683,861.8827160493827,344.9820788530466,372.0131421744325
1976-01-31,168.01075268817203,163.97982804232805,227.0011947431302,311.99845679012344,688.0973715651135,1140.0462962962963,2309.961170848268,1839.9044205495816,1689.8148148148148,1969.8327359617683,861.8827160493827,344.9820788530466,248.9919354838709,271.9907407407408
1976-02-29,163.97982804232805,227.0011947431302,311.99845679012344,688.0973715651135,1140.0462962962963,2309.961170848268,1839.9044205495816,1689.8148148148148,1969.8327359617683,861.8827160493827,344.9820788530466,248.9919354838709,250.0,279.01500638569604
1976-03-31,227.0011947431302,311.99845679012344,688.0973715651135,1140.0462962962963,2309.961170848268,1839.9044205495816,1689.8148148148148,1969.8327359617683,861.8827160493827,344.9820788530466,248.9919354838709,250.0,317.9883512544803,329.0023894862604
1976-04-30,311.99845679012344,688.0973715651135,1140.0462962962963,2309.961170848268,1839.9044205495816,1689.8148148148148,1969.8327359617683,861.8827160493827,344.9820788530466,248.9919354838709,250.0,317.9883512544803,449.0740740740741,451.3888888888889
1976-05-31,688.0973715651135,1140.0462962962963,2309.961170848268,1839.9044205495816,1689.8148148148148,1969.8327359617683,861.8827160493827,344.9820788530466,248.9919354838709,250.0,317.9883512544803,449.0740740740741,660.8422939,654.8685782556751
1976-06-30,1140.0462962962963,2309.961170848268,1839.9044205495816,1689.8148148148148,1969.8327359617683,861.8827160493827,344.9820788530466,248.9919354838709,250.0,317.9883512544803,449.0740740740741,660.8422939,1140.0462962962963,1199.8456790123455
1976-07-31,2309.961170848268,1839.9044205495816,1689.8148148148148,1969.8327359617683,861.8827160493827,344.9820788530466,248.9919354838709,250.0,317.9883512544803,449.0740740740741,660.8422939,1140.0462962962963,1500.1493428912784,1519.937275985663
1976-08-31,1839.9044205495816,1689.8148148148148,1969.8327359617683,861.8827160493827,344.9820788530466,248.9919354838709,250.0,317.9883512544803,449.0740740740741,660.8422939,1140.0462962962963,1500.1493428912784,1939.9641577060927,2060.185185185185
1976-09-30,1689.8148148148148,1969.8327359617683,861.8827160493827,344.9820788530466,248.9919354838709,250.0,317.9883512544803,449.0740740740741,660.8422939,1140.0462962962963,1500.1493428912784,1939.9641577060927,1880.015432098765,2150.077160493828
1976-10-31,1969.8327359617683,861.8827160493827,344.9820788530466,248.9919354838709,250.0,317.9883512544803,449.0740740740741,660.8422939,1140.0462962962963,1500.1493428912784,1939.9641577060927,1880.015432098765,994.9970131421744,1120.0716845878137
1976-11-30,861.8827160493827,344.9820788530466,248.9919354838709,250.0,317.9883512544803,449.0740740740741,660.8422939,1140.0462962962963,1500.1493428912784,1939.9641577060927,1880.015432098765,994.9970131421744,519.6759259,586.0339506
1976-12-31,344.9820788530466,248.9919354838709,250.0,317.9883512544803,449.0740740740741,660.8422939,1140.0462962962963,1500.1493428912784,1939.9641577060927,1880.015432098765,994.9970131421744,519.6759259,262.99283154121866,315.00149342891274
1977-01-31,248.9919354838709,250.0,317.9883512544803,449.0740740740741,660.8422939,1140.0462962962963,1500.1493428912784,1939.9641577060927,1880.015432098765,994.9970131421744,519.6759259,262.99283154121866,198.9994026284349,228.00925925925927
1977-02-28,250.0,317.9883512544803,449.0740740740741,660.8422939,1140.0462962962963,1500.1493428912784,1939.9641577060927,1880.015432098765,994.9970131421744,519.6759259,262.99283154121866,198.9994026284349,186.0119047619048,219.99007936507937
1977-03-31,317.9883512544803,449.0740740740741,660.8422939,1140.0462962962963,1500.1493428912784,1939.9641577060927,1880.015432098765,994.9970131421744,519.6759259,262.99283154121866,198.9994026284349,186.0119047619048,279.00985663082434,294.9895459976105
1977-04-30,449.0740740740741,660.8422939,1140.0462962962963,1500.1493428912784,1939.9641577060927,1880.015432098765,994.9970131421744,519.6759259,262.99283154121866,198.9994026284349,186.0119047619048,279.00985663082434,643.1327160493828,670.1388888888889
1977-05-31,660.8422939,1140.0462962962963,1500.1493428912784,1939.9641577060927,1880.015432098765,994.9970131421744,519.6759259,262.99283154121866,198.9994026284349,186.0119047619048,279.00985663082434,643.1327160493828,853.8679808841099,890.0836320191158
1977-06-30,1140.0462962962963,1500.1493428912784,1939.9641577060927,1880.015432098765,994.9970131421744,519.6759259,262.99283154121866,198.9994026284349,186.0119047619048,279.00985663082434,643.1327160493828,853.8679808841099,966.8209877,994.9845679012344
1977-07-31,1500.1493428912784,1939.9641577060927,1880.015432098765,994.9970131421744,519.6759259,262.99283154121866,198.9994026284349,186.0119047619048,279.00985663082434,643.1327160493828,853.8679808841099,966.8209877,791.1439665471925,831.0931899641577
1977-08-31,1939.9641577060927,1880.015432098765,994.9970131421744,519.6759259,262.99283154121866,198.9994026284349,186.0119047619048,279.00985663082434,643.1327160493828,853.8679808841099,966.8209877,791.1439665471925,676.1499402628435,760.9020310633214
1977-09-30,1880.015432098765,994.9970131421744,519.6759259,262.99283154121866,198.9994026284349,186.0119047619048,279.00985663082434,643.1327160493828,853.8679808841099,966.8209877,791.1439665471925,676.1499402628435,636.1882716049382,694.8302469135804
1977-10-31,994.9970131421744,519.6759259,262.99283154121866,198.9994026284349,186.0119047619048,279.00985663082434,643.1327160493828,853.8679808841099,966.8209877,791.1439665471925,676.1499402628435,636.1882716049382,518.9665471923537,567.1296296296297
1977-11-30,519.6759259,262.99283154121866,198.9994026284349,186.0119047619048,279.00985663082434,643.1327160493828,853.8679808841099,966.8209877,791.1439665471925,676.1499402628435,636.1882716049382,518.9665471923537,285.1851851851852,355.0154320987654
1977-12-31,262.99283154121866,198.9994026284349,186.0119047619048,279.00985663082434,643.1327160493828,853.8679808841099,966.8209877,791.1439665471925,676.1499402628435,636.1882716049382,518.9665471923537,285.1851851851852,159.98357228195937,192.98835125448028
1978-01-31,198.9994026284349,186.0119047619048,279.00985663082434,643.1327160493828,853.8679808841099,966.8209877,791.1439665471925,676.1499402628435,636.1882716049382,518.9665471923537,285.1851851851852,159.98357228195937,116.0020908004779,136.9847670250896
1978-02-28,186.0119047619048,279.00985663082434,643.1327160493828,853.8679808841099,966.8209877,791.1439665471925,676.1499402628435,636.1882716049382,518.9665471923537,285.1851851851852,159.98357228195937,116.0020908004779,123.015873015873,151.00033068783068
1978-03-31,279.00985663082434,643.1327160493828,853.8679808841099,966.8209877,791.1439665471925,676.1499402628435,636.1882716049382,518.9665471923537,285.1851851851852,159.98357228195937,116.0020908004779,123.015873015873,178.01672640382318,197.99133811230587
1978-04-30,643.1327160493828,853.8679808841099,966.8209877,791.1439665471925,676.1499402628435,636.1882716049382,518.9665471923537,285.1851851851852,159.98357228195937,116.0020908004779,123.015873015873,178.01672640382318,478.0092592592592,484.9537037037037
1978-05-31,853.8679808841099,966.8209877,791.1439665471925,676.1499402628435,636.1882716049382,518.9665471923537,285.1851851851852,159.98357228195937,116.0020908004779,123.015873015873,178.01672640382318,478.0092592592592,548.8351254480286,595.1314217443249
1978-06-30,966.8209877,791.1439665471925,676.1499402628435,636.1882716049382,518.9665471923537,285.1851851851852,159.98357228195937,116.0020908004779,123.015873015873,178.01672640382318,478.0092592592592,548.8351254480286,773.9197530864196,800.9259259
1978-07-31,791.1439665471925,676.1499402628435,636.1882716049382,518.9665471923537,285.1851851851852,159.98357228195937,116.0020908004779,123.015873015873,178.01672640382318,478.0092592592592,548.8351254480286,773.9197530864196,564.1427718040621,620.1463560334528
1978-08-31,676.1499402628435,636.1882716049382,518.9665471923537,285.1851851851852,159.98357228195937,116.0020908004779,123.015873015873,178.01672640382318,478.0092592592592,548.8351254480286,773.9197530864196,564.1427718040621,1099.910394265233,1149.9402628434889
1978-09-30,636.1882716049382,518.9665471923537,285.1851851851852,159.98357228195937,116.0020908004779,123.015873015873,178.01672640382318,478.0092592592592,548.8351254480286,773.9197530864196,564.1427718040621,1099.910394265233,1760.030864197531,1859.953703703704
1978-10-31,518.9665471923537,285.1851851851852,159.98357228195937,116.0020908004779,123.015873015873,178.01672640382318,478.0092592592592,548.8351254480286,773.9197530864196,564.1427718040621,1099.910394265233,1760.030864197531,999.1039426523296,1089.8297491039427
1978-11-30,285.1851851851852,159.98357228195937,116.0020908004779,123.015873015873,178.01672640382318,478.0092592592592,548.8351254480286,773.9197530864196,564.1427718040621,1099.910394265233,1760.030864197531,999.1039426523296,503.0864197530864,587.9629629629629
1978-12-31,159.98357228195937,116.0020908004779,123.015873015873,178.01672640382318,478.0092592592592,548.8351254480286,773.9197530864196,564.1427718040621,1099.910394265233,1760.030864197531,999.1039426523296,503.0864197530864,228.00925925925927,274.0068697729988
1979-01-31,116.0020908004779,123.015873015873,178.01672640382318,478.0092592592592,548.8351254480286,773.9197530864196,564.1427718040621,1099.910394265233,1760.030864197531,999.1039426523296,503.0864197530864,228.00925925925927,164.98655913978493,200.00746714456392
1979-02-28,123.015873015873,178.01672640382318,478.0092592592592,548.8351254480286,773.9197530864196,564.1427718040621,1099.910394265233,1760.030864197531,999.1039426523296,503.0864197530864,228.00925925925927,164.98655913978493,151.99239417989418,187.00396825396825
1979-03-31,178.01672640382318,478.0092592592592,548.8351254480286,773.9197530864196,564.1427718040621,1099.910394265233,1760.030864197531,999.1039426523296,503.0864197530864,228.00925925925927,164.98655913978493,151.99239417989418,196.01254480286727,221.99820788530465
1979-04-30,478.0092592592592,548.8351254480286,773.9197530864196,564.1427718040621,1099.910394265233,1760.030864197531,999.1039426523296,503.0864197530864,228.00925925925927,164.98655913978493,151.99239417989418,196.01254480286727,380.0154320987654,390.0462962962963
1979-05-31,548.8351254480286,773.9197530864196,564.1427718040621,1099.910394265233,1760.030864197531,999.1039426523296,503.0864197530864,228.00925925925927,164.98655913978493,151.99239417989418,196.01254480286727,380.0154320987654,390.1583035,400.98566308243727
1979-06-30,773.9197530864196,564.1427718040621,1099.910394265233,1760.030864197531,999.1039426523296,503.0864197530864,228.00925925925927,164.98655913978493,151.99239417989418,196.01254480286727,380.0154320987654,390.1583035,449.84567901234567,467.9783950617284
1979-07-31,564.1427718040621,1099.910394265233,1760.030864197531,999.1039426523296,503.0864197530864,228.00925925925927,164.98655913978493,151.99239417989418,196.01254480286727,380.0154320987654,390.1583035,449.84567901234567,1130.152329749104,1080.1224611708485
1979-08-31,1099.910394265233,1760.030864197531,999.1039426523296,503.0864197530864,228.00925925925927,164.98655913978493,151.99239417989418,196.01254480286727,380.0154320987654,390.1583035,449.84567901234567,1130.152329749104,1699.895459976105,1749.9253285543607
1979-09-30,1760.030864197531,999.1039426523296,503.0864197530864,228.00925925925927,164.98655913978493,151.99239417989418,196.01254480286727,380.0154320987654,390.1583035,449.84567901234567,1130.152329749104,1699.895459976105,1650.0771604938273,1790.1234567901236
1979-10-31,999.1039426523296,503.0864197530864,228.00925925925927,164.98655913978493,151.99239417989418,196.01254480286727,380.0154320987654,390.1583035,449.84567901234567,1130.152329749104,1699.895459976105,1650.0771604938273,938.9934289127838,1040.1732377538829
1979-11-30,503.0864197530864,228.00925925925927,164.98655913978493,151.99239417989418,196.01254480286727,380.0154320987654,390.1583035,449.84567901234567,1130.152329749104,1699.895459976105,1650.0771604938273,938.9934289127838,410.1080246913581,486.1111111111111
1979-12-31,228.00925925925927,164.98655913978493,151.99239417989418,196.01254480286727,380.0154320987654,390.1583035,449.84567901234567,1130.152329749104,1699.895459976105,1650.0771604938273,938.9934289127838,410.1080246913581,216.9952210274791,266.01702508960574
1980-01-31,164.98655913978493,151.99239417989418,196.01254480286727,380.0154320987654,390.1583035,449.84567901234567,1130.152329749104,1699.895459976105,1650.0771604938273,938.9934289127838,410.1080246913581,216.9952210274791,150.98566308243724,183.99044205495807
1980-02-29,151.99239417989418,196.01254480286727,380.0154320987654,390.1583035,449.84567901234567,1130.152329749104,1699.895459976105,1650.0771604938273,938.9934289127838,410.1080246913581,216.9952210274791,150.98566308243724,148.98627075351214,185.9833971902937
1980-03-31,196.01254480286727,380.0154320987654,390.1583035,449.84567901234567,1130.152329749104,1699.895459976105,1650.0771604938273,938.9934289127838,410.1080246913581,216.9952210274791,150.98566308243724,148.98627075351214,211.9922341696536,244.99701314217444
1980-04-30,380.0154320987654,390.1583035,449.84567901234567,1130.152329749104,1699.895459976105,1650.0771604938273,938.9934289127838,410.1080246913581,216.9952210274791,150.98566308243724,148.98627075351214,211.9922341696536,308.1404320987654,339.0046296296297
1980-05-31,390.1583035,449.84567901234567,1130.152329749104,1699.895459976105,1650.0771604938273,938.9934289127838,410.1080246913581,216.9952210274791,150.98566308243724,148.98627075351214,211.9922341696536,308.1404320987654,340.0164277180406,368.9889486260453
1980-06-30,449.84567901234567,1130.152329749104,1699.895459976105,1650.0771604938273,938.9934289127838,410.1080246913581,216.9952210274791,150.98566308243724,148.98627075351214,211.9922341696536,308.1404320987654,340.0164277180406,618.8271604938271,616.8981481481482
1980-07-31,1130.152329749104,1699.895459976105,1650.0771604938273,938.9934289127838,410.1080246913581,216.9952210274791,150.98566308243724,148.98627075351214,211.9922341696536,308.1404320987654,340.0164277180406,618.8271604938271,1329.8984468339306,1379.9283154121863
1980-08-31,1699.895459976105,1650.0771604938273,938.9934289127838,410.1080246913581,216.9952210274791,150.98566308243724,148.98627075351214,211.9922341696536,308.1404320987654,340.0164277180406,618.8271604938271,1329.8984468339306,937.126642771804,994.9970131421744
1980-09-30,1650.0771604938273,938.9934289127838,410.1080246913581,216.9952210274791,150.98566308243724,148.98627075351214,211.9922341696536,308.1404320987654,340.0164277180406,618.8271604938271,1329.8984468339306,937.126642771804,1400.0771604938273,1420.138888888889
1980-10-31,938.9934289127838,410.1080246913581,216.9952210274791,150.98566308243724,148.98627075351214,211.9922341696536,308.1404320987654,340.0164277180406,618.8271604938271,1329.8984468339306,937.126642771804,1400.0771604938273,1059.9611708482676,1170.1015531660694
1980-11-30,410.1080246913581,216.9952210274791,150.98566308243724,148.98627075351214,211.9922341696536,308.1404320987654,340.0164277180406,618.8271604938271,1329.8984468339306,937.126642771804,1400.0771604938273,1059.9611708482676,464.1203703703704,525.8487654320987
1980-12-31,216.9952210274791,150.98566308243724,148.98627075351214,211.9922341696536,308.1404320987654,340.0164277180406,618.8271604938271,1329.8984468339306,937.126642771804,1400.0771604938273,1059.9611708482676,464.1203703703704,201.9862604540024,233.01224611708483
1981-01-31,150.98566308243724,148.98627075351214,211.9922341696536,308.1404320987654,340.0164277180406,618.8271604938271,1329.8984468339306,937.126642771804,1400.0771604938273,1059.9611708482676,464.1203703703704,201.9862604540024,155.0179211469534,182.0116487455197
1981-02-28,148.98627075351214,211.9922341696536,308.1404320987654,340.0164277180406,618.8271604938271,1329.8984468339306,937.126642771804,1400.0771604938273,1059.9611708482676,464.1203703703704,201.9862604540024,155.0179211469534,156.00198412698413,187.00396825396825
1981-03-31,211.9922341696536,308.1404320987654,340.0164277180406,618.8271604938271,1329.8984468339306,937.126642771804,1400.0771604938273,1059.9611708482676,464.1203703703704,201.9862604540024,155.0179211469534,156.00198412698413,84.97610513739545,227.0011947431302
1981-04-30,308.1404320987654,340.0164277180406,618.8271604938271,1329.8984468339306,937.126642771804,1400.0771604938273,1059.9611708482676,464.1203703703704,201.9862604540024,155.0179211469534,156.00198412698413,84.97610513739545,331.9830247,336.99845679012344
1981-05-31,340.0164277180406,618.8271604938271,1329.8984468339306,937.126642771804,1400.0771604938273,1059.9611708482676,464.1203703703704,201.9862604540024,155.0179211469534,156.00198412698413,84.97610513739545,331.9830247,548.8351254480286,571.9832735961768
1981-06-30,618.8271604938271,1329.8984468339306,937.126642771804,1400.0771604938273,1059.9611708482676,464.1203703703704,201.9862604540024,155.0179211469534,156.00198412698413,84.97610513739545,331.9830247,548.8351254480286,1040.1234567901236,1010.0308641975308
1981-07-31,1329.8984468339306,937.126642771804,1400.0771604938273,1059.9611708482676,464.1203703703704,201.9862604540024,155.0179211469534,156.00198412698413,84.97610513739545,331.9830247,548.8351254480286,1040.1234567901236,1599.8357228195937,1670.026882
1981-08-31,937.126642771804,1400.0771604938273,1059.9611708482676,464.1203703703704,201.9862604540024,155.0179211469534,156.00198412698413,84.97610513739545,331.9830247,548.8351254480286,1040.1234567901236,1599.8357228195937,989.0232974910394,1059.9611708482676
1981-09-30,1400.0771604938273,1059.9611708482676,464.1203703703704,201.9862604540024,155.0179211469534,156.00198412698413,84.97610513739545,331.9830247,548.8351254480286,1040.1234567901236,1599.8357228195937,989.0232974910394,3550.1543209876545,3530.0925925925926
1981-10-31,1059.9611708482676,464.1203703703704,201.9862604540024,155.0179211469534,156.00198412698413,84.97610513739545,331.9830247,548.8351254480286,1040.1234567901236,1599.8357228195937,989.0232974910394,3550.1543209876545,1699.895459976105,1730.137395459976
1981-11-30,464.1203703703704,201.9862604540024,155.0179211469534,156.00198412698413,84.97610513739545,331.9830247,548.8351254480286,1040.1234567901236,1599.8357228195937,989.0232974910394,3550.1543209876545,1699.895459976105,687.1141975308641,697.1450617
1981-12-31,201.9862604540024,155.0179211469534,156.00198412698413,84.97610513739545,331.9830247,548.8351254480286,1040.1234567901236,1599.8357228195937,989.0232974910394,3550.1543209876545,1699.895459976105,687.1141975308641,312.01463560334525,341.9952210274791
1982-01-31,155.0179211469534,156.00198412698413,84.97610513739545,331.9830247,548.8351254480286,1040.1234567901236,1599.8357228195937,989.0232974910394,3550.1543209876545,1699.895459976105,687.1141975308641,312.01463560334525,233.01224611708483,253.9949223416965
1982-02-28,156.00198412698413,84.97610513739545,331.9830247,548.8351254480286,1040.1234567901236,1599.8357228195937,989.0232974910394,3550.1543209876545,1699.895459976105,687.1141975308641,312.01463560334525,233.01224611708483,227.01719576719577,244.00628306878303
1982-03-31,84.97610513739545,331.9830247,548.8351254480286,1040.1234567901236,1599.8357228195937,989.0232974910394,3550.1543209876545,1699.895459976105,687.1141975308641,312.01463560334525,233.01224611708483,227.01719576719577,262.99283154121866,281.9967144563919
1982-04-30,331.9830247,548.8351254480286,1040.1234567901236,1599.8357228195937,989.0232974910394,3550.1543209876545,1699.895459976105,687.1141975308641,312.01463560334525,233.01224611708483,227.01719576719577,262.99283154121866,381.0185185185185,403.1635802469135
1982-05-31,548.8351254480286,1040.1234567901236,1599.8357228195937,989.0232974910394,3550.1543209876545,1699.895459976105,687.1141975308641,312.01463560334525,233.01224611708483,227.01719576719577,262.99283154121866,381.0185185185185,900.1642771804062,816.9056153
1982-06-30,1040.1234567901236,1599.8357228195937,989.0232974910394,3550.1543209876545,1699.895459976105,687.1141975308641,312.01463560334525,233.01224611708483,227.01719576719577,262.99283154121866,381.0185185185185,900.1642771804062,1560.1851851851852,1469.9074074074074
1982-07-31,1599.8357228195937,989.0232974910394,3550.1543209876545,1699.895459976105,687.1141975308641,312.01463560334525,233.01224611708483,227.01719576719577,262.99283154121866,381.0185185185185,900.1642771804062,1560.1851851851852,1789.874551971326,1749.9253285543607
1982-08-31,989.0232974910394,3550.1543209876545,1699.895459976105,687.1141975308641,312.01463560334525,233.01224611708483,227.01719576719577,262.99283154121866,381.0185185185185,900.1642771804062,1560.1851851851852,1789.874551971326,1049.8805256869773,1070.041816009558
1982-09-30,3550.1543209876545,1699.895459976105,687.1141975308641,312.01463560334525,233.01224611708483,227.01719576719577,262.99283154121866,381.0185185185185,900.1642771804062,1560.1851851851852,1789.874551971326,1049.8805256869773,1699.8456790123455,1670.138888888889
1982-10-31,1699.895459976105,687.1141975308641,312.01463560334525,233.01224611708483,227.01719576719577,262.99283154121866,381.0185185185185,900.1642771804062,1560.1851851851852,1789.874551971326,1049.8805256869773,1699.8456790123455,1630.077658303465,1659.9462365591398
1982-11-30,687.1141975308641,312.01463560334525,233.01224611708483,227.01719576719577,262.99283154121866,381.0185185185185,900.1642771804062,1560.1851851851852,1789.874551971326,1049.8805256869773,1699.8456790123455,1630.077658303465,653.1635802469136,736.8827160493828
1982-12-31,312.01463560334525,233.01224611708483,227.01719576719577,262.99283154121866,381.0185185185185,900.1642771804062,1560.1851851851852,1789.874551971326,1049.8805256869773,1699.8456790123455,1630.077658303465,653.1635802469136,284.98357228195937,340.0164277180406
1983-01-31,233.01224611708483,227.01719576719577,262.99283154121866,381.0185185185185,900.1642771804062,1560.1851851851852,1789.874551971326,1049.8805256869773,1699.8456790123455,1630.077658303465,653.1635802469136,284.98357228195937,210.9841696535245,234.9910394265233
1983-02-28,227.01719576719577,262.99283154121866,381.0185185185185,900.1642771804062,1560.1851851851852,1789.874551971326,1049.8805256869773,1699.8456790123455,1630.077658303465,653.1635802469136,284.98357228195937,210.9841696535245,201.01686507936512,217.01388888888889
1983-03-31,262.99283154121866,381.0185185185185,900.1642771804062,1560.1851851851852,1789.874551971326,1049.8805256869773,1699.8456790123455,1630.077658303465,653.1635802469136,284.98357228195937,210.9841696535245,201.01686507936512,238.98596176821985,233.01224611708483
1983-04-30,381.0185185185185,900.1642771804062,1560.1851851851852,1789.874551971326,1049.8805256869773,1699.8456790123455,1630.077658303465,653.1635802469136,284.98357228195937,210.9841696535245,201.01686507936512,238.98596176821985,464.1203703703704,442.9012345679012
1983-05-31,900.1642771804062,1560.1851851851852,1789.874551971326,1049.8805256869773,1699.8456790123455,1630.077658303465,653.1635802469136,284.98357228195937,210.9841696535245,201.01686507936512,238.98596176821985,464.1203703703704,885.9767025089606,868.0555555555555
1983-06-30,1560.1851851851852,1789.874551971326,1049.8805256869773,1699.8456790123455,1630.077658303465,653.1635802469136,284.98357228195937,210.9841696535245,201.01686507936512,238.98596176821985,464.1203703703704,885.9767025089606,1209.8765432098764,1219.9074074074074
1983-07-31,1789.874551971326,1049.8805256869773,1699.8456790123455,1630.077658303465,653.1635802469136,284.98357228195937,210.9841696535245,201.01686507936512,238.98596176821985,464.1203703703704,885.9767025089606,1209.8765432098764,2650.0896057347672,2660.170250896057
1983-08-31,1049.8805256869773,1699.8456790123455,1630.077658303465,653.1635802469136,284.98357228195937,210.9841696535245,201.01686507936512,238.98596176821985,464.1203703703704,885.9767025089606,1209.8765432098764,2650.0896057347672,1730.137395459976,1879.8536439665472
1983-09-30,1699.8456790123455,1630.077658303465,653.1635802469136,284.98357228195937,210.9841696535245,201.01686507936512,238.98596176821985,464.1203703703704,885.9767025089606,1209.8765432098764,2650.0896057347672,1730.137395459976,1150.0771604938273,1130.0154320987654
1983-10-31,1630.077658303465,653.1635802469136,284.98357228195937,210.9841696535245,201.01686507936512,238.98596176821985,464.1203703703704,885.9767025089606,1209.8765432098764,2650.0896057347672,1730.137395459976,1150.0771604938273,1960.1254480286736,2019.862604540024
1983-11-30,653.1635802469136,284.98357228195937,210.9841696535245,201.01686507936512,238.98596176821985,464.1203703703704,885.9767025089606,1209.8765432098764,2650.0896057347672,1730.137395459976,1150.0771604938273,1960.1254480286736,842.9783950617284,935.1851851851852
1983-12-31,284.98357228195937,210.9841696535245,201.01686507936512,238.98596176821985,464.1203703703704,885.9767025089606,1209.8765432098764,2650.0896057347672,1730.137395459976,1150.0771604938273,1960.1254480286736,842.9783950617284,340.0164277180406,377.83751493428906
1984-01-31,210.9841696535245,201.01686507936512,238.98596176821985,464.1203703703704,885.9767025089606,1209.8765432098764,2650.0896057347672,1730.137395459976,1150.0771604938273,1960.1254480286736,842.9783950617284,340.0164277180406,233.98297491039423,261.01403823178015
1984-02-29,201.01686507936512,238.98596176821985,464.1203703703704,885.9767025089606,1209.8765432098764,2650.0896057347672,1730.137395459976,1150.0771604938273,1960.1254480286736,842.9783950617284,340.0164277180406,233.98297491039423,250.9977650063857,264.0086206896552
1984-03-31,238.98596176821985,464.1203703703704,885.9767025089606,1209.8765432098764,2650.0896057347672,1730.137395459976,1150.0771604938273,1960.1254480286736,842.9783950617284,340.0164277180406,233.98297491039423,250.9977650063857,293.01075268817203,298.9844683
1984-04-30,464.1203703703704,885.9767025089606,1209.8765432098764,2650.0896057347672,1730.137395459976,1150.0771604938273,1960.1254480286736,842.9783950617284,340.0164277180406,233.98297491039423,250.9977650063857,293.01075268817203,412.037037,412.8086419753086
1984-05-31,885.9767025089606,1209.8765432098764,2650.0896057347672,1730.137395459976,1150.0771604938273,1960.1254480286736,842.9783950617284,340.0164277180406,233.98297491039423,250.9977650063857,293.01075268817203,412.037037,479.01732377538826,498.05854241338113
1984-06-30,1209.8765432098764,2650.0896057347672,1730.137395459976,1150.0771604938273,1960.1254480286736,842.9783950617284,340.0164277180406,233.98297491039423,250.9977650063857,293.01075268817203,412.037037,479.01732377538826,1109.9537037037037,1010.0308641975308
1984-07-31,2650.0896057347672,1730.137395459976,1150.0771604938273,1960.1254480286736,842.9783950617284,340.0164277180406,233.98297491039423,250.9977650063857,293.01075268817203,412.037037,479.01732377538826,1109.9537037037037,2430.1821983273594,2430.1821983273594
1984-08-31,1730.137395459976,1150.0771604938273,1960.1254480286736,842.9783950617284,340.0164277180406,233.98297491039423,250.9977650063857,293.01075268817203,412.037037,479.01732377538826,1109.9537037037037,2430.1821983273594,1400.089605734767,1500.1493428912784
1984-09-30,1150.0771604938273,1960.1254480286736,842.9783950617284,340.0164277180406,233.98297491039423,250.9977650063857,293.01075268817203,412.037037,479.01732377538826,1109.9537037037037,2430.1821983273594,1400.089605734767,861.1111111111111,831.0185185185185
1984-10-31,1960.1254480286736,842.9783950617284,340.0164277180406,233.98297491039423,250.9977650063857,293.01075268817203,412.037037,479.01732377538826,1109.9537037037037,2430.1821983273594,1400.089605734767,861.1111111111111,854.9880525686978,862.8285543608124
1984-11-30,842.9783950617284,340.0164277180406,233.98297491039423,250.9977650063857,293.01075268817203,412.037037,479.01732377538826,1109.9537037037037,2430.1821983273594,1400.089605734767,861.1111111111111,854.9880525686978,478.0092592592592,492.0138888888889
1984-12-31,340.0164277180406,233.98297491039423,250.9977650063857,293.01075268817203,412.037037,479.01732377538826,1109.9537037037037,2430.1821983273594,1400.089605734767,861.1111111111111,854.9880525686978,478.0092592592592,257.9898446833931,275.01493428912784
1985-01-31,233.98297491039423,250.9977650063857,293.01075268817203,412.037037,479.01732377538826,1109.9537037037037,2430.1821983273594,1400.089605734767,861.1111111111111,854.9880525686978,478.0092592592592,257.9898446833931,182.0116487455197,204.00238948626043
1985-02-28,250.9977650063857,293.01075268817203,412.037037,479.01732377538826,1109.9537037037037,2430.1821983273594,1400.089605734767,861.1111111111111,854.9880525686978,478.0092592592592,257.9898446833931,182.0116487455197,166.9973544973545,182.0023148148148
1985-03-31,293.01075268817203,412.037037,479.01732377538826,1109.9537037037037,2430.1821983273594,1400.089605734767,861.1111111111111,854.9880525686978,478.0092592592592,257.9898446833931,182.0116487455197,166.9973544973545,223.0062724014337,228.00925925925927
1985-04-30,412.037037,479.01732377538826,1109.9537037037037,2430.1821983273594,1400.089605734767,861.1111111111111,854.9880525686978,478.0092592592592,257.9898446833931,182.0116487455197,166.9973544973545,223.0062724014337,344.9845679012346,330.0154320987654
1985-05-31,479.01732377538826,1109.9537037037037,2430.1821983273594,1400.089605734767,861.1111111111111,854.9880525686978,478.0092592592592,257.9898446833931,182.0116487455197,166.9973544973545,223.0062724014337,344.9845679012346,430.1075268817205,426.0005973715651
1985-06-30,1109.9537037037037,2430.1821983273594,1400.089605734767,861.1111111111111,854.9880525686978,478.0092592592592,257.9898446833931,182.0116487455197,166.9973544973545,223.0062724014337,344.9845679012346,430.1075268817205,638.8888888888888,652.0061728395061
1985-07-31,2430.1821983273594,1400.089605734767,861.1111111111111,854.9880525686978,478.0092592592592,257.9898446833931,182.0116487455197,166.9973544973545,223.0062724014337,344.9845679012346,430.1075268817205,638.8888888888888,1199.9701314217443,1300.0298685782557
1985-08-31,1400.089605734767,861.1111111111111,854.9880525686978,478.0092592592592,257.9898446833931,182.0116487455197,166.9973544973545,223.0062724014337,344.9845679012346,430.1075268817205,638.8888888888888,1199.9701314217443,1009.931302270012,971.1021505376344
1985-09-30,861.1111111111111,854.9880525686978,478.0092592592592,257.9898446833931,182.0116487455197,166.9973544973545,223.0062724014337,344.9845679012346,430.1075268817205,638.8888888888888,1199.9701314217443,1009.931302270012,2349.9228395061727,2380.0154320987654
1985-10-31,854.9880525686978,478.0092592592592,257.9898446833931,182.0116487455197,166.9973544973545,223.0062724014337,344.9845679012346,430.1075268817205,638.8888888888888,1199.9701314217443,1009.931302270012,2349.9228395061727,1139.8596176821984,1189.889486260454
1985-11-30,478.0092592592592,257.9898446833931,182.0116487455197,166.9973544973545,223.0062724014337,344.9845679012346,430.1075268817205,638.8888888888888,1199.9701314217443,1009.931302270012,2349.9228395061727,1139.8596176821984,451.00308641975306,516.9753086419753
1985-12-31,257.9898446833931,182.0116487455197,166.9973544973545,223.0062724014337,344.9845679012346,430.1075268817205,638.8888888888888,1199.9701314217443,1009.931302270012,2349.9228395061727,1139.8596176821984,451.00308641975306,244.99701314217444,272.9988052568698
1986-01-31,182.0116487455197,166.9973544973545,223.0062724014337,344.9845679012346,430.1075268817205,638.8888888888888,1199.9701314217443,1009.931302270012,2349.9228395061727,1139.8596176821984,451.00308641975306,244.99701314217444,181.00358422939067,206.0185185185185
1986-02-28,166.9973544973545,223.0062724014337,344.9845679012346,430.1075268817205,638.8888888888888,1199.9701314217443,1009.931302270012,2349.9228395061727,1139.8596176821984,451.00308641975306,244.99701314217444,181.00358422939067,178.98478835978835,196.01521164021165
1986-03-31,223.0062724014337,344.9845679012346,430.1075268817205,638.8888888888888,1199.9701314217443,1009.931302270012,2349.9228395061727,1139.8596176821984,451.00308641975306,244.99701314217444,181.00358422939067,178.98478835978835,229.0173237753883,229.0173237753883
1986-04-30,344.9845679012346,430.1075268817205,638.8888888888888,1199.9701314217443,1009.931302270012,2349.9228395061727,1139.8596176821984,451.00308641975306,244.99701314217444,181.00358422939067,178.98478835978835,229.0173237753883,358.9891975308642,328.0092592592593
1986-05-31,430.1075268817205,638.8888888888888,1199.9701314217443,1009.931302270012,2349.9228395061727,1139.8596176821984,451.00308641975306,244.99701314217444,181.00358422939067,178.98478835978835,229.0173237753883,358.9891975308642,849.0143369175627,823.9994026284348
1986-06-30,638.8888888888888,1199.9701314217443,1009.931302270012,2349.9228395061727,1139.8596176821984,451.00308641975306,244.99701314217444,181.00358422939067,178.98478835978835,229.0173237753883,358.9891975308642,849.0143369175627,1119.9845679012346,1099.9228395061727
1986-07-31,1199.9701314217443,1009.931302270012,2349.9228395061727,1139.8596176821984,451.00308641975306,244.99701314217444,181.00358422939067,178.98478835978835,229.0173237753883,358.9891975308642,849.0143369175627,1119.9845679012346,1720.0567502986858,1580.047789725209
1986-08-31,1009.931302270012,2349.9228395061727,1139.8596176821984,451.00308641975306,244.99701314217444,181.00358422939067,178.98478835978835,229.0173237753883,358.9891975308642,849.0143369175627,1119.9845679012346,1720.0567502986858,698.9247311827957,717.9659498207885
1986-09-30,2349.9228395061727,1139.8596176821984,451.00308641975306,244.99701314217444,181.00358422939067,178.98478835978835,229.0173237753883,358.9891975308642,849.0143369175627,1119.9845679012346,1720.0567502986858,698.9247311827957,1079.861111111111,996.9135802469136
1986-10-31,1139.8596176821984,451.00308641975306,244.99701314217444,181.00358422939067,178.98478835978835,229.0173237753883,358.9891975308642,849.0143369175627,1119.9845679012346,1720.0567502986858,698.9247311827957,1079.861111111111,573.8500597371565,377.0908004778972
1986-11-30,451.00308641975306,244.99701314217444,181.00358422939067,178.98478835978835,229.0173237753883,358.9891975308642,849.0143369175627,1119.9845679012346,1720.0567502986858,698.9247311827957,1079.861111111111,573.8500597371565,331.9830247,18.80015432098765
1986-12-31,244.99701314217444,181.00358422939067,178.98478835978835,229.0173237753883,358.9891975308642,849.0143369175627,1119.9845679012346,1720.0567502986858,698.9247311827957,1079.861111111111,573.8500597371565,331.9830247,202.99432497013143,15.098566308243727
1987-01-31,181.00358422939067,178.98478835978835,229.0173237753883,358.9891975308642,849.0143369175627,1119.9845679012346,1720.0567502986858,698.9247311827957,1079.861111111111,573.8500597371565,331.9830247,202.99432497013143,140.0089605734767,12.899492234169651
1987-02-28,178.98478835978835,229.0173237753883,358.9891975308642,849.0143369175627,1119.9845679012346,1720.0567502986858,698.9247311827957,1079.861111111111,573.8500597371565,331.9830247,202.99432497013143,140.0089605734767,154.01785714285714,307.00231481481484
1987-03-31,229.0173237753883,358.9891975308642,849.0143369175627,1119.9845679012346,1720.0567502986858,698.9247311827957,1079.861111111111,573.8500597371565,331.9830247,202.99432497013143,140.0089605734767,154.01785714285714,187.0146356033453,599.9850657108722
1987-04-30,358.9891975308642,849.0143369175627,1119.9845679012346,1720.0567502986858,698.9247311827957,1079.861111111111,573.8500597371565,331.9830247,202.99432497013143,140.0089605734767,154.01785714285714,187.0146356033453,257.6388888888889,355.0154320987654
1987-05-31,849.0143369175627,1119.9845679012346,1720.0567502986858,698.9247311827957,1079.861111111111,573.8500597371565,331.9830247,202.99432497013143,140.0089605734767,154.01785714285714,187.0146356033453,257.6388888888889,533.9008363201912,427.1206690561529
1987-06-30,1119.9845679012346,1720.0567502986858,698.9247311827957,1079.861111111111,573.8500597371565,331.9830247,202.99432497013143,140.0089605734767,154.01785714285714,187.0146356033453,257.6388888888889,533.9008363201912,1130.0154320987654,643.1327160493828
1987-07-31,1720.0567502986858,698.9247311827957,1079.861111111111,573.8500597371565,331.9830247,202.99432497013143,140.0089605734767,154.01785714285714,187.0146356033453,257.6388888888889,533.9008363201912,1130.0154320987654,1640.1583034647551,809.0651135005974
1987-08-31,698.9247311827957,1079.861111111111,573.8500597371565,331.9830247,202.99432497013143,140.0089605734767,154.01785714285714,187.0146356033453,257.6388888888889,533.9008363201912,1130.0154320987654,1640.1583034647551,1009.931302270012,853.1212664277181
1987-09-30,1079.861111111111,573.8500597371565,331.9830247,202.99432497013143,140.0089605734767,154.01785714285714,187.0146356033453,257.6388888888889,533.9008363201912,1130.0154320987654,1640.1583034647551,1009.931302270012,631.1728395061729,333.9891975308642
1987-10-31,573.8500597371565,331.9830247,202.99432497013143,140.0089605734767,154.01785714285714,187.0146356033453,257.6388888888889,533.9008363201912,1130.0154320987654,1640.1583034647551,1009.931302270012,631.1728395061729,532.0340501792115,234.9910394265233
1987-11-30,331.9830247,202.99432497013143,140.0089605734767,154.01785714285714,187.0146356033453,257.6388888888889,533.9008363201912,1130.0154320987654,1640.1583034647551,1009.931302270012,631.1728395061729,532.0340501792115,313.00154320987656,226.0030864197531
1987-12-31,202.99432497013143,140.0089605734767,154.01785714285714,187.0146356033453,257.6388888888889,533.9008363201912,1130.0154320987654,1640.1583034647551,1009.931302270012,631.1728395061729,532.0340501792115,313.00154320987656,165.99462365591398,375.97072879330943
1988-01-31,140.0089605734767,154.01785714285714,187.0146356033453,257.6388888888889,533.9008363201912,1130.0154320987654,1640.1583034647551,1009.931302270012,631.1728395061729,532.0340501792115,313.00154320987656,165.99462365591398,136.9847670250896,321.0125448028674
1988-02-29,154.01785714285714,187.0146356033453,257.6388888888889,533.9008363201912,1130.0154320987654,1640.1583034647551,1009.931302270012,631.1728395061729,532.0340501792115,313.00154320987656,165.99462365591398,136.9847670250896,142.99968071519797,415.0702426564496
1988-03-31,187.0146356033453,257.6388888888889,533.9008363201912,1130.0154320987654,1640.1583034647551,1009.931302270012,631.1728395061729,532.0340501792115,313.00154320987656,165.99462365591398,136.9847670250896,142.99968071519797,215.9871565113501,484.9910394265233
1988-04-30,257.6388888888889,533.9008363201912,1130.0154320987654,1640.1583034647551,1009.931302270012,631.1728395061729,532.0340501792115,313.00154320987656,165.99462365591398,136.9847670250896,142.99968071519797,215.9871565113501,339.0046296296297,339.0046296296297
1988-05-31,533.9008363201912,1130.0154320987654,1640.1583034647551,1009.931302270012,631.1728395061729,532.0340501792115,313.00154320987656,165.99462365591398,136.9847670250896,142.99968071519797,215.9871565113501,339.0046296296297,400.98566308243727,449.14874551971326
1988-06-30,1130.0154320987654,1640.1583034647551,1009.931302270012,631.1728395061729,532.0340501792115,313.00154320987656,165.99462365591398,136.9847670250896,142.99968071519797,215.9871565113501,339.0046296296297,400.98566308243727,790.1234567901234,493.05555555555554
1988-07-31,1640.1583034647551,1009.931302270012,631.1728395061729,532.0340501792115,313.00154320987656,165.99462365591398,136.9847670250896,142.99968071519797,215.9871565113501,339.0046296296297,400.98566308243727,790.1234567901234,800.1045400238949,700.0448028673835
1988-08-31,1009.931302270012,631.1728395061729,532.0340501792115,313.00154320987656,165.99462365591398,136.9847670250896,142.99968071519797,215.9871565113501,339.0046296296297,400.98566308243727,790.1234567901234,800.1045400238949,529.0471923536439,554.0621266427718
1988-09-30,631.1728395061729,532.0340501792115,313.00154320987656,165.99462365591398,136.9847670250896,142.99968071519797,215.9871565113501,339.0046296296297,400.98566308243727,790.1234567901234,800.1045400238949,529.0471923536439,788.9660494,581.0185185185185
1988-10-31,532.0340501792115,313.00154320987656,165.99462365591398,136.9847670250896,142.99968071519797,215.9871565113501,339.0046296296297,400.98566308243727,790.1234567901234,800.1045400238949,529.0471923536439,788.9660494,1220.131421744325,604.8387096774194
1988-11-30,313.00154320987656,165.99462365591398,136.9847670250896,142.99968071519797,215.9871565113501,339.0046296296297,400.98566308243727,790.1234567901234,800.1045400238949,529.0471923536439,788.9660494,1220.131421744325,611.1111111111111,542.0524691358024
1988-12-31,165.99462365591398,136.9847670250896,142.99968071519797,215.9871565113501,339.0046296296297,400.98566308243727,790.1234567901234,800.1045400238949,529.0471923536439,788.9660494,1220.131421744325,611.1111111111111,256.0110513739546,477.1505376344086
1989-01-31,136.9847670250896,142.99968071519797,215.9871565113501,339.0046296296297,400.98566308243727,790.1234567901234,800.1045400238949,529.0471923536439,788.9660494,1220.131421744325,611.1111111111111,256.0110513739546,164.0158303464755,653.0017921146953
1989-02-28,142.99968071519797,215.9871565113501,339.0046296296297,400.98566308243727,790.1234567901234,800.1045400238949,529.0471923536439,788.9660494,1220.131421744325,611.1111111111111,256.0110513739546,164.0158303464755,157.0064484126984,457.1759259259259
1989-03-31,215.9871565113501,339.0046296296297,400.98566308243727,790.1234567901234,800.1045400238949,529.0471923536439,788.9660494,1220.131421744325,611.1111111111111,256.0110513739546,164.0158303464755,157.0064484126984,267.9958183990442,443.9217443249701
1989-04-30,339.0046296296297,400.98566308243727,790.1234567901234,800.1045400238949,529.0471923536439,788.9660494,1220.131421744325,611.1111111111111,256.0110513739546,164.0158303464755,157.0064484126984,267.9958183990442,375.00000000000006,420.9104938271605
1989-05-31,400.98566308243727,790.1234567901234,800.1045400238949,529.0471923536439,788.9660494,1220.131421744325,611.1111111111111,256.0110513739546,164.0158303464755,157.0064484126984,267.9958183990442,375.00000000000006,880.0029868578256,676.1499402628435
1989-06-30,790.1234567901234,800.1045400238949,529.0471923536439,788.9660494,1220.131421744325,611.1111111111111,256.0110513739546,164.0158303464755,157.0064484126984,267.9958183990442,375.00000000000006,880.0029868578256,2390.046296296296,770.8333333333334
1989-07-31,800.1045400238949,529.0471923536439,788.9660494,1220.131421744325,611.1111111111111,256.0110513739546,164.0158303464755,157.0064484126984,267.9958183990442,375.00000000000006,880.0029868578256,2390.046296296296,2339.8297491039425,997.983871
1989-08-31,529.0471923536439,788.9660494,1220.131421744325,611.1111111111111,256.0110513739546,164.0158303464755,157.0064484126984,267.9958183990442,375.00000000000006,880.0029868578256,2390.046296296296,2339.8297491039425,1920.1762246117084,1810.0358422939069
1989-09-30,788.9660494,1220.131421744325,611.1111111111111,256.0110513739546,164.0158303464755,157.0064484126984,267.9958183990442,375.00000000000006,880.0029868578256,2390.046296296296,2339.8297491039425,1920.1762246117084,1829.861111111111,1841.4351851851848
1989-10-31,1220.131421744325,611.1111111111111,256.0110513739546,164.0158303464755,157.0064484126984,267.9958183990442,375.00000000000006,880.0029868578256,2390.046296296296,2339.8297491039425,1920.1762246117084,1829.861111111111,1149.9402628434889,831.0931899641577
1989-11-30,611.1111111111111,256.0110513739546,164.0158303464755,157.0064484126984,267.9958183990442,375.00000000000006,880.0029868578256,2390.046296296296,2339.8297491039425,1920.1762246117084,1829.861111111111,1149.9402628434889,636.9598765432099,520.4475308641976
1989-12-31,256.0110513739546,164.0158303464755,157.0064484126984,267.9958183990442,375.00000000000006,880.0029868578256,2390.046296296296,2339.8297491039425,1920.1762246117084,1829.861111111111,1149.9402628434889,636.9598765432099,317.01762246117084,433.09438470728793
1990-01-31,164.0158303464755,157.0064484126984,267.9958183990442,375.00000000000006,880.0029868578256,2390.046296296296,2339.8297491039425,1920.1762246117084,1829.861111111111,1149.9402628434889,636.9598765432099,317.01762246117084,252.9868578255675,617.1594982078853
1990-02-28,157.0064484126984,267.9958183990442,375.00000000000006,880.0029868578256,2390.046296296296,2339.8297491039425,1920.1762246117084,1829.861111111111,1149.9402628434889,636.9598765432099,317.01762246117084,252.9868578255675,249.0079365079365,622.5198412698413
1990-03-31,267.9958183990442,375.00000000000006,880.0029868578256,2390.046296296296,2339.8297491039425,1920.1762246117084,1829.861111111111,1149.9402628434889,636.9598765432099,317.01762246117084,252.9868578255675,249.0079365079365,285.9916367980884,676.8966547192354
1990-04-30,375.00000000000006,880.0029868578256,2390.046296296296,2339.8297491039425,1920.1762246117084,1829.861111111111,1149.9402628434889,636.9598765432099,317.01762246117084,252.9868578255675,249.0079365079365,285.9916367980884,361.9984567901234,680.1697530864197
1990-05-31,880.0029868578256,2390.046296296296,2339.8297491039425,1920.1762246117084,1829.861111111111,1149.9402628434889,636.9598765432099,317.01762246117084,252.9868578255675,249.0079365079365,285.9916367980884,361.9984567901234,697.0579450418161,1070.041816009558
1990-06-30,2390.046296296296,2339.8297491039425,1920.1762246117084,1829.861111111111,1149.9402628434889,636.9598765432099,317.01762246117084,252.9868578255675,249.0079365079365,285.9916367980884,361.9984567901234,697.0579450418161,728.0092592592592,986.8827160493828
1990-07-31,2339.8297491039425,1920.1762246117084,1829.861111111111,1149.9402628434889,636.9598765432099,317.01762246117084,252.9868578255675,249.0079365079365,285.9916367980884,361.9984567901234,697.0579450418161,728.0092592592592,762.0221027479092,756.0483870967741
1990-08-31,1920.1762246117084,1829.861111111111,1149.9402628434889,636.9598765432099,317.01762246117084,252.9868578255675,249.0079365079365,285.9916367980884,361.9984567901234,697.0579450418161,728.0092592592592,762.0221027479092,807.9450418160095,735.8870967741935
1990-09-30,1829.861111111111,1149.9402628434889,636.9598765432099,317.01762246117084,252.9868578255675,249.0079365079365,285.9916367980884,361.9984567901234,697.0579450418161,728.0092592592592,762.0221027479092,807.9450418160095,957.1759259,652.0061728395061
1990-10-31,1149.9402628434889,636.9598765432099,317.01762246117084,252.9868578255675,249.0079365079365,285.9916367980884,361.9984567901234,697.0579450418161,728.0092592592592,762.0221027479092,807.9450418160095,957.1759259,681.0035842293906,611.1857825567503
1990-11-30,636.9598765432099,317.01762246117084,252.9868578255675,249.0079365079365,285.9916367980884,361.9984567901234,697.0579450418161,728.0092592592592,762.0221027479092,807.9450418160095,957.1759259,681.0035842293906,400.0771604938272,488.8117283950617
1990-12-31,317.01762246117084,252.9868578255675,249.0079365079365,285.9916367980884,361.9984567901234,697.0579450418161,728.0092592592592,762.0221027479092,807.9450418160095,957.1759259,681.0035842293906,400.0771604938272,213.00029868578247,589.9044205495818
1991-01-31,252.9868578255675,249.0079365079365,285.9916367980884,361.9984567901234,697.0579450418161,728.0092592592592,762.0221027479092,807.9450418160095,957.1759259,681.0035842293906,400.0771604938272,213.00029868578247,133.9979091995221,588.0376344086021
1991-02-28,249.0079365079365,285.9916367980884,361.9984567901234,697.0579450418161,728.0092592592592,762.0221027479092,807.9450418160095,957.1759259,681.0035842293906,400.0771604938272,213.00029868578247,133.9979091995221,139.01289682539684,558.0357142857143
1991-03-31,285.9916367980884,361.9984567901234,697.0579450418161,728.0092592592592,762.0221027479092,807.9450418160095,957.1759259,681.0035842293906,400.0771604938272,213.00029868578247,133.9979091995221,139.01289682539684,198.9994026284349,608.9456391875746
1991-04-30,361.9984567901234,697.0579450418161,728.0092592592592,762.0221027479092,807.9450418160095,957.1759259,681.0035842293906,400.0771604938272,213.00029868578247,133.9979091995221,139.01289682539684,198.9994026284349,242.01388888888889,496.9135802469136
1991-05-31,697.0579450418161,728.0092592592592,762.0221027479092,807.9450418160095,957.1759259,681.0035842293906,400.0771604938272,213.00029868578247,133.9979091995221,139.01289682539684,198.9994026284349,242.01388888888889,445.0418160095579,574.9701314217443
1991-06-30,728.0092592592592,762.0221027479092,807.9450418160095,957.1759259,681.0035842293906,400.0771604938272,213.00029868578247,133.9979091995221,139.01289682539684,198.9994026284349,242.01388888888889,445.0418160095579,555.1697530864197,716.0493827160493
1991-07-31,762.0221027479092,807.9450418160095,957.1759259,681.0035842293906,400.0771604938272,213.00029868578247,133.9979091995221,139.01289682539684,198.9994026284349,242.01388888888889,445.0418160095579,555.1697530864197,827.7329749103943,854.9880525686978
1991-08-31,807.9450418160095,957.1759259,681.0035842293906,400.0771604938272,213.00029868578247,133.9979091995221,139.01289682539684,198.9994026284349,242.01388888888889,445.0418160095579,555.1697530864197,827.7329749103943,1130.152329749104,903.1511350059736
1991-09-30,957.1759259,681.0035842293906,400.0771604938272,213.00029868578247,133.9979091995221,139.01289682539684,198.9994026284349,242.01388888888889,445.0418160095579,555.1697530864197,827.7329749103943,1130.152329749104,734.9537037037037,601.0802469135803
1991-10-31,681.0035842293906,400.0771604938272,213.00029868578247,133.9979091995221,139.01289682539684,198.9994026284349,242.01388888888889,445.0418160095579,555.1697530864197,827.7329749103943,1130.152329749104,734.9537037037037,638.8142174432497,535.020908
1991-11-30,400.0771604938272,213.00029868578247,133.9979091995221,139.01289682539684,198.9994026284349,242.01388888888889,445.0418160095579,555.1697530864197,827.7329749103943,1130.152329749104,734.9537037037037,638.8142174432497,391.9753086419753,738.8117283950617
1991-12-31,213.00029868578247,133.9979091995221,139.01289682539684,198.9994026284349,242.01388888888889,445.0418160095579,555.1697530864197,827.7329749103943,1130.152329749104,734.9537037037037,638.8142174432497,391.9753086419753,205.01045400238948,343.00328554360806
1992-01-31,133.9979091995221,139.01289682539684,198.9994026284349,242.01388888888889,445.0418160095579,555.1697530864197,827.7329749103943,1130.152329749104,734.9537037037037,638.8142174432497,391.9753086419753,205.01045400238948,145.9826762246117,676.1499402628435
1992-02-29,139.01289682539684,198.9994026284349,242.01388888888889,445.0418160095579,555.1697530864197,827.7329749103943,1130.152329749104,734.9537037037037,638.8142174432497,391.9753086419753,205.01045400238948,145.9826762246117,144.99521072796935,409.8818646232439
1992-03-31,198.9994026284349,242.01388888888889,445.0418160095579,555.1697530864197,827.7329749103943,1130.152329749104,734.9537037037037,638.8142174432497,391.9753086419753,205.01045400238948,145.9826762246117,144.99521072796935,182.9823775388292,363.9859617682199
1992-04-30,242.01388888888889,445.0418160095579,555.1697530864197,827.7329749103943,1130.152329749104,734.9537037037037,638.8142174432497,391.9753086419753,205.01045400238948,145.9826762246117,144.99521072796935,182.9823775388292,366.0108024691358,388.8888888888889
1992-05-31,445.0418160095579,555.1697530864197,827.7329749103943,1130.152329749104,734.9537037037037,638.8142174432497,391.9753086419753,205.01045400238948,145.9826762246117,144.99521072796935,182.9823775388292,366.0108024691358,452.8823178016726,554.0621266427718
1992-06-30,555.1697530864197,827.7329749103943,1130.152329749104,734.9537037037037,638.8142174432497,391.9753086419753,205.01045400238948,145.9826762246117,144.99521072796935,182.9823775388292,366.0108024691358,452.8823178016726,800.9259259,689.0432098765432
1992-07-31,827.7329749103943,1130.152329749104,734.9537037037037,638.8142174432497,391.9753086419753,205.01045400238948,145.9826762246117,144.99521072796935,182.9823775388292,366.0108024691358,452.8823178016726,800.9259259,1760.0059737156512,658.9755077658302
1992-08-31,1130.152329749104,734.9537037037037,638.8142174432497,391.9753086419753,205.01045400238948,145.9826762246117,144.99521072796935,182.9823775388292,366.0108024691358,452.8823178016726,800.9259259,1760.0059737156512,1040.1732377538829,629.1069295101554
1992-09-30,734.9537037037037,638.8142174432497,391.9753086419753,205.01045400238948,145.9826762246117,144.99521072796935,182.9823775388292,366.0108024691358,452.8823178016726,800.9259259,1760.0059737156512,1040.1732377538829,1079.861111111111,393.13271604938274
1992-10-31,638.8142174432497,391.9753086419753,205.01045400238948,145.9826762246117,144.99521072796935,182.9823775388292,366.0108024691358,452.8823178016726,800.9259259,1760.0059737156512,1040.1732377538829,1079.861111111111,1009.931302270012,229.0173237753883
1992-11-30,391.9753086419753,205.01045400238948,145.9826762246117,144.99521072796935,182.9823775388292,366.0108024691358,452.8823178016726,800.9259259,1760.0059737156512,1040.1732377538829,1079.861111111111,1009.931302270012,396.9907407407407,498.8425925925926
1992-12-31,205.01045400238948,145.9826762246117,144.99521072796935,182.9823775388292,366.0108024691358,452.8823178016726,800.9259259,1760.0059737156512,1040.1732377538829,1079.861111111111,1009.931302270012,396.9907407407407,193.99641577060933,630.9737157
1993-01-31,145.9826762246117,144.99521072796935,182.9823775388292,366.0108024691358,452.8823178016726,800.9259259,1760.0059737156512,1040.1732377538829,1079.861111111111,1009.931302270012,396.9907407407407,193.99641577060933,173.01373954599762,538.0077658303464
1993-02-28,144.99521072796935,182.9823775388292,366.0108024691358,452.8823178016726,800.9259259,1760.0059737156512,1040.1732377538829,1079.861111111111,1009.931302270012,396.9907407407407,193.99641577060933,173.01373954599762,176.00859788359787,646.9080687830688
1993-03-31,182.9823775388292,366.0108024691358,452.8823178016726,800.9259259,1760.0059737156512,1040.1732377538829,1079.861111111111,1009.931302270012,396.9907407407407,193.99641577060933,173.01373954599762,176.00859788359787,234.9910394265233,507.1311230585424
1993-04-30,366.0108024691358,452.8823178016726,800.9259259,1760.0059737156512,1040.1732377538829,1079.861111111111,1009.931302270012,396.9907407407407,193.99641577060933,173.01373954599762,176.00859788359787,234.9910394265233,484.1820987654321,491.89814814814815
1993-05-31,452.8823178016726,800.9259259,1760.0059737156512,1040.1732377538829,1079.861111111111,1009.931302270012,396.9907407407407,193.99641577060933,173.01373954599762,176.00859788359787,234.9910394265233,484.1820987654321,701.1648745519714,611.1857825567503
1993-06-30,800.9259259,1760.0059737156512,1040.1732377538829,1079.861111111111,1009.931302270012,396.9907407407407,193.99641577060933,173.01373954599762,176.00859788359787,234.9910394265233,484.1820987654321,701.1648745519714,993.8271604938273,778.1635802469136
1993-07-31,1760.0059737156512,1040.1732377538829,1079.861111111111,1009.931302270012,396.9907407407407,193.99641577060933,173.01373954599762,176.00859788359787,234.9910394265233,484.1820987654321,701.1648745519714,993.8271604938273,1400.089605734767,710.1254480286739
1993-08-31,1040.1732377538829,1079.861111111111,1009.931302270012,396.9907407407407,193.99641577060933,173.01373954599762,176.00859788359787,234.9910394265233,484.1820987654321,701.1648745519714,993.8271604938273,1400.089605734767,1619.9970131421744,769.8626045400239
1993-09-30,1079.861111111111,1009.931302270012,396.9907407407407,193.99641577060933,173.01373954599762,176.00859788359787,234.9910394265233,484.1820987654321,701.1648745519714,993.8271604938273,1400.089605734767,1619.9970131421744,1089.891975308642,839.1203703703703
1993-10-31,1009.931302270012,396.9907407407407,193.99641577060933,173.01373954599762,176.00859788359787,234.9910394265233,484.1820987654321,701.1648745519714,993.8271604938273,1400.089605734767,1619.9970131421744,1089.891975308642,747.0878136200718,607.0788530465951
1993-11-30,396.9907407407407,193.99641577060933,173.01373954599762,176.00859788359787,234.9910394265233,484.1820987654321,701.1648745519714,993.8271604938273,1400.089605734767,1619.9970131421744,1089.891975308642,747.0878136200718,442.9012345679012,591.0493827160494
1993-12-31,193.99641577060933,173.01373954599762,176.00859788359787,234.9910394265233,484.1820987654321,701.1648745519714,993.8271604938273,1400.089605734767,1619.9970131421744,1089.891975308642,747.0878136200718,442.9012345679012,202.99432497013143,573.8500597371565
1994-01-31,173.01373954599762,176.00859788359787,234.9910394265233,484.1820987654321,701.1648745519714,993.8271604938273,1400.089605734767,1619.9970131421744,1089.891975308642,747.0878136200718,442.9012345679012,202.99432497013143,161.99970131421748,648.8948626
1994-02-28,176.00859788359787,234.9910394265233,484.1820987654321,701.1648745519714,993.8271604938273,1400.089605734767,1619.9970131421744,1089.891975308642,747.0878136200718,442.9012345679012,202.99432497013143,161.99970131421748,159.01951058201058,663.0291005291006
1994-03-31,234.9910394265233,484.1820987654321,701.1648745519714,993.8271604938273,1400.089605734767,1619.9970131421744,1089.891975308642,747.0878136200718,442.9012345679012,202.99432497013143,161.99970131421748,159.01951058201058,193.99641577060933,729.9133811230586
1994-04-30,484.1820987654321,701.1648745519714,993.8271604938273,1400.089605734767,1619.9970131421744,1089.891975308642,747.0878136200718,442.9012345679012,202.99432497013143,161.99970131421748,159.01951058201058,193.99641577060933,496.9135802469136,628.0864197530864
1994-05-31,701.1648745519714,993.8271604938273,1400.089605734767,1619.9970131421744,1089.891975308642,747.0878136200718,442.9012345679012,202.99432497013143,161.99970131421748,159.01951058201058,193.99641577060933,496.9135802469136,635.0806451612904,906.1379928315412
1994-06-30,993.8271604938273,1400.089605734767,1619.9970131421744,1089.891975308642,747.0878136200718,442.9012345679012,202.99432497013143,161.99970131421748,159.01951058201058,193.99641577060933,496.9135802469136,635.0806451612904,1150.0771604938273,785.1080246913581
1994-07-31,1400.089605734767,1619.9970131421744,1089.891975308642,747.0878136200718,442.9012345679012,202.99432497013143,161.99970131421748,159.01951058201058,193.99641577060933,496.9135802469136,635.0806451612904,1150.0771604938273,1020.0119474313022,623.8799283154121
1994-08-31,1619.9970131421744,1089.891975308642,747.0878136200718,442.9012345679012,202.99432497013143,161.99970131421748,159.01951058201058,193.99641577060933,496.9135802469136,635.0806451612904,1150.0771604938273,1020.0119474313022,589.1577061,788.9038231780168
1994-09-30,1089.891975308642,747.0878136200718,442.9012345679012,202.99432497013143,161.99970131421748,159.01951058201058,193.99641577060933,496.9135802469136,635.0806451612904,1150.0771604938273,1020.0119474313022,589.1577061,702.9320987654321,704.8611111111111
1994-10-31,747.0878136200718,442.9012345679012,202.99432497013143,161.99970131421748,159.01951058201058,193.99641577060933,496.9135802469136,635.0806451612904,1150.0771604938273,1020.0119474313022,589.1577061,702.9320987654321,574.9701314217443,679.1367980884111
1994-11-30,442.9012345679012,202.99432497013143,161.99970131421748,159.01951058201058,193.99641577060933,496.9135802469136,635.0806451612904,1150.0771604938273,1020.0119474313022,589.1577061,702.9320987654321,574.9701314217443,339.0046296296297,618.8271604938271
1994-12-31,202.99432497013143,161.99970131421748,159.01951058201058,193.99641577060933,496.9135802469136,635.0806451612904,1150.0771604938273,1020.0119474313022,589.1577061,702.9320987654321,574.9701314217443,339.0046296296297,159.98357228195937,716.0991636798088
1995-01-31,161.99970131421748,159.01951058201058,193.99641577060933,496.9135802469136,635.0806451612904,1150.0771604938273,1020.0119474313022,589.1577061,702.9320987654321,574.9701314217443,339.0046296296297,159.98357228195937,130.00298685782556,729.1666666666666
1995-02-28,159.01951058201058,193.99641577060933,496.9135802469136,635.0806451612904,1150.0771604938273,1020.0119474313022,589.1577061,702.9320987654321,574.9701314217443,339.0046296296297,159.98357228195937,130.00298685782556,121.98247354497354,644.8412698412699
1995-03-31,193.99641577060933,496.9135802469136,635.0806451612904,1150.0771604938273,1020.0119474313022,589.1577061,702.9320987654321,574.9701314217443,339.0046296296297,159.98357228195937,130.00298685782556,121.98247354497354,176.00059737156514,682.8703703703703
1995-04-30,496.9135802469136,635.0806451612904,1150.0771604938273,1020.0119474313022,589.1577061,702.9320987654321,574.9701314217443,339.0046296296297,159.98357228195937,130.00298685782556,121.98247354497354,176.00059737156514,395.8333333333333,444.0586419753087
1995-05-31,635.0806451612904,1150.0771604938273,1020.0119474313022,589.1577061,702.9320987654321,574.9701314217443,339.0046296296297,159.98357228195937,130.00298685782556,121.98247354497354,176.00059737156514,395.8333333333333,714.979092,586.1708482676224
1995-06-30,1150.0771604938273,1020.0119474313022,589.1577061,702.9320987654321,574.9701314217443,339.0046296296297,159.98357228195937,130.00298685782556,121.98247354497354,176.00059737156514,395.8333333333333,714.979092,559.0277777777778,783.1790123
1995-07-31,1020.0119474313022,589.1577061,702.9320987654321,574.9701314217443,339.0046296296297,159.98357228195937,130.00298685782556,121.98247354497354,176.00059737156514,395.8333333333333,714.979092,559.0277777777778,532.0340501792115,800.8512544802867
1995-08-31,589.1577061,702.9320987654321,574.9701314217443,339.0046296296297,159.98357228195937,130.00298685782556,121.98247354497354,176.00059737156514,395.8333333333333,714.979092,559.0277777777778,532.0340501792115,984.9163679808842,655.9886499402628
1995-09-30,702.9320987654321,574.9701314217443,339.0046296296297,159.98357228195937,130.00298685782556,121.98247354497354,176.00059737156514,395.8333333333333,714.979092,559.0277777777778,532.0340501792115,984.9163679808842,998.8425925925926,594.1358024691358
1995-10-31,574.9701314217443,339.0046296296297,159.98357228195937,130.00298685782556,121.98247354497354,176.00059737156514,395.8333333333333,714.979092,559.0277777777778,532.0340501792115,984.9163679808842,998.8425925925926,673.1630824,650.0149342891278
1995-11-30,339.0046296296297,159.98357228195937,130.00298685782556,121.98247354497354,176.00059737156514,395.8333333333333,714.979092,559.0277777777778,532.0340501792115,984.9163679808842,998.8425925925926,673.1630824,415.89506172839504,569.0586419753087
1995-12-31,159.98357228195937,130.00298685782556,121.98247354497354,176.00059737156514,395.8333333333333,714.979092,559.0277777777778,532.0340501792115,984.9163679808842,998.8425925925926,673.1630824,415.89506172839504,213.00029868578247,320.0044802867383
1996-01-31,130.00298685782556,121.98247354497354,176.00059737156514,395.8333333333333,714.979092,559.0277777777778,532.0340501792115,984.9163679808842,998.8425925925926,673.1630824,415.89506172839504,213.00029868578247,136.9847670250896,449.89545997610514
1996-02-29,121.98247354497354,176.00059737156514,395.8333333333333,714.979092,559.0277777777778,532.0340501792115,984.9163679808842,998.8425925925926,673.1630824,415.89506172839504,213.00029868578247,136.9847670250896,145.99297573435504,484.1155810983397
1996-03-31,176.00059737156514,395.8333333333333,714.979092,559.0277777777778,532.0340501792115,984.9163679808842,998.8425925925926,673.1630824,415.89506172839504,213.00029868578247,136.9847670250896,145.99297573435504,207.9973118,461.84289127837513
1996-04-30,395.8333333333333,714.979092,559.0277777777778,532.0340501792115,984.9163679808842,998.8425925925926,673.1630824,415.89506172839504,213.00029868578247,136.9847670250896,145.99297573435504,207.9973118,331.01851851851853,354.0123456790124
1996-05-31,714.979092,559.0277777777778,532.0340501792115,984.9163679808842,998.8425925925926,673.1630824,415.89506172839504,213.00029868578247,136.9847670250896,145.99297573435504,207.9973118,331.01851851851853,557.0489844683393,539.8745519713261
1996-06-30,559.0277777777778,532.0340501792115,984.9163679808842,998.8425925925926,673.1630824,415.89506172839504,213.00029868578247,136.9847670250896,145.99297573435504,207.9973118,331.01851851851853,557.0489844683393,787.8086419753088,560.1851851851852
1996-07-31,532.0340501792115,984.9163679808842,998.8425925925926,673.1630824,415.89506172839504,213.00029868578247,136.9847670250896,145.99297573435504,207.9973118,331.01851851851853,557.0489844683393,787.8086419753088,650.0149342891278,722.8195937873357
1996-08-31,984.9163679808842,998.8425925925926,673.1630824,415.89506172839504,213.00029868578247,136.9847670250896,145.99297573435504,207.9973118,331.01851851851853,557.0489844683393,787.8086419753088,650.0149342891278,713.8590203106332,713.8590203106332
1996-09-30,998.8425925925926,673.1630824,415.89506172839504,213.00029868578247,136.9847670250896,145.99297573435504,207.9973118,331.01851851851853,557.0489844683393,787.8086419753088,650.0149342891278,713.8590203106332,645.8333333333333,603.0092592592592
1996-10-31,673.1630824,415.89506172839504,213.00029868578247,136.9847670250896,145.99297573435504,207.9973118,331.01851851851853,557.0489844683393,787.8086419753088,650.0149342891278,713.8590203106332,645.8333333333333,595.1314217443249,390.1583035
1996-11-30,415.89506172839504,213.00029868578247,136.9847670250896,145.99297573435504,207.9973118,331.01851851851853,557.0489844683393,787.8086419753088,650.0149342891278,713.8590203106332,645.8333333333333,595.1314217443249,355.0154320987654,451.00308641975306
1996-12-31,213.00029868578247,136.9847670250896,145.99297573435504,207.9973118,331.01851851851853,557.0489844683393,787.8086419753088,650.0149342891278,713.8590203106332,645.8333333333333,595.1314217443249,355.0154320987654,178.01672640382318,452.8823178016726
1997-01-31,136.9847670250896,145.99297573435504,207.9973118,331.01851851851853,557.0489844683393,787.8086419753088,650.0149342891278,713.8590203106332,645.8333333333333,595.1314217443249,355.0154320987654,178.01672640382318,131.0110513739546,123.99193548387096
1997-02-28,145.99297573435504,207.9973118,331.01851851851853,557.0489844683393,787.8086419753088,650.0149342891278,713.8590203106332,645.8333333333333,595.1314217443249,355.0154320987654,178.01672640382318,131.0110513739546,118.01421957671958,375.0
1997-03-31,207.9973118,331.01851851851853,557.0489844683393,787.8086419753088,650.0149342891278,713.8590203106332,645.8333333333333,595.1314217443249,355.0154320987654,178.01672640382318,131.0110513739546,118.01421957671958,201.0155316606929,270.98267622461174
1997-04-30,331.01851851851853,557.0489844683393,787.8086419753088,650.0149342891278,713.8590203106332,645.8333333333333,595.1314217443249,355.0154320987654,178.01672640382318,131.0110513739546,118.01421957671958,201.0155316606929,284.99228395061726,352.0061728395062
1997-05-31,557.0489844683393,787.8086419753088,650.0149342891278,713.8590203106332,645.8333333333333,595.1314217443249,355.0154320987654,178.01672640382318,131.0110513739546,118.01421957671958,201.0155316606929,284.99228395061726,804.9581839904421,471.9235364396655
1997-06-30,787.8086419753088,650.0149342891278,713.8590203106332,645.8333333333333,595.1314217443249,355.0154320987654,178.01672640382318,131.0110513739546,118.01421957671958,201.0155316606929,284.99228395061726,804.9581839904421,721.8364197530864,655.8641975308642
1997-07-31,650.0149342891278,713.8590203106332,645.8333333333333,595.1314217443249,355.0154320987654,178.01672640382318,131.0110513739546,118.01421957671958,201.0155316606929,284.99228395061726,804.9581839904421,721.8364197530864,809.8118279569892,521.9534050179211
1997-08-31,713.8590203106332,645.8333333333333,595.1314217443249,355.0154320987654,178.01672640382318,131.0110513739546,118.01421957671958,201.0155316606929,284.99228395061726,804.9581839904421,721.8364197530864,809.8118279569892,642.1744324970132,355.9961170848268
1997-09-30,645.8333333333333,595.1314217443249,355.0154320987654,178.01672640382318,131.0110513739546,118.01421957671958,201.0155316606929,284.99228395061726,804.9581839904421,721.8364197530864,809.8118279569892,642.1744324970132,498.8425925925926,452.1604938271605
1997-10-31,595.1314217443249,355.0154320987654,178.01672640382318,131.0110513739546,118.01421957671958,201.0155316606929,284.99228395061726,804.9581839904421,721.8364197530864,809.8118279569892,642.1744324970132,498.8425925925926,483.1242532855436,570.8632019
1997-11-30,355.0154320987654,178.01672640382318,131.0110513739546,118.01421957671958,201.0155316606929,284.99228395061726,804.9581839904421,721.8364197530864,809.8118279569892,642.1744324970132,498.8425925925926,483.1242532855436,318.0169753,576.0030864197531
1997-12-31,178.01672640382318,131.0110513739546,118.01421957671958,201.0155316606929,284.99228395061726,804.9581839904421,721.8364197530864,809.8118279569892,642.1744324970132,498.8425925925926,483.1242532855436,318.0169753,173.01373954599762,423.0137395459976
1998-01-31,131.0110513739546,118.01421957671958,201.0155316606929,284.99228395061726,804.9581839904421,721.8364197530864,809.8118279569892,642.1744324970132,498.8425925925926,483.1242532855436,318.0169753,173.01373954599762,137.90322580645162,393.14516129032256
1998-02-28,118.01421957671958,201.0155316606929,284.99228395061726,804.9581839904421,721.8364197530864,809.8118279569892,642.1744324970132,498.8425925925926,483.1242532855436,318.0169753,173.01373954599762,137.90322580645162,143.14285714285714,343.99801587301585
1998-03-31,201.0155316606929,284.99228395061726,804.9581839904421,721.8364197530864,809.8118279569892,642.1744324970132,498.8425925925926,483.1242532855436,318.0169753,173.01373954599762,137.90322580645162,143.14285714285714,181.2903225806452,345.99014336917566
1998-04-30,284.99228395061726,804.9581839904421,721.8364197530864,809.8118279569892,642.1744324970132,498.8425925925926,483.1242532855436,318.0169753,173.01373954599762,137.90322580645162,143.14285714285714,181.2903225806452,402.6,342.0138888888889
1998-05-31,804.9581839904421,721.8364197530864,809.8118279569892,642.1744324970132,498.8425925925926,483.1242532855436,318.0169753,173.01373954599762,137.90322580645162,143.14285714285714,181.2903225806452,402.6,579.1935483870968,399.1188769414576
1998-06-30,721.8364197530864,809.8118279569892,642.1744324970132,498.8425925925926,483.1242532855436,318.0169753,173.01373954599762,137.90322580645162,143.14285714285714,181.2903225806452,402.6,579.1935483870968,539.0,604.9382716049382
1998-07-31,809.8118279569892,642.1744324970132,498.8425925925926,483.1242532855436,318.0169753,173.01373954599762,137.90322580645162,143.14285714285714,181.2903225806452,402.6,579.1935483870968,539.0,1039.741935483871,440.9348864994026
1998-08-31,642.1744324970132,498.8425925925926,483.1242532855436,318.0169753,173.01373954599762,137.90322580645162,143.14285714285714,181.2903225806452,402.6,579.1935483870968,539.0,1039.741935483871,1189.9354838709678,445.0418160095579
1998-09-30,498.8425925925926,483.1242532855436,318.0169753,173.01373954599762,137.90322580645162,143.14285714285714,181.2903225806452,402.6,579.1935483870968,539.0,1039.741935483871,1189.9354838709678,1188.0,513.8888888888889
1998-10-31,483.1242532855436,318.0169753,173.01373954599762,137.90322580645162,143.14285714285714,181.2903225806452,402.6,579.1935483870968,539.0,1039.741935483871,1189.9354838709678,1188.0,847.0,524.9402628434887
1998-11-30,318.0169753,173.01373954599762,137.90322580645162,143.14285714285714,181.2903225806452,402.6,579.1935483870968,539.0,1039.741935483871,1189.9354838709678,1188.0,847.0,458.0,503.0864197530864
1998-12-31,173.01373954599762,137.90322580645162,143.14285714285714,181.2903225806452,402.6,579.1935483870968,539.0,1039.741935483871,1189.9354838709678,1188.0,847.0,458.0,225.3548387096774,514.8596176821983
1999-01-31,137.90322580645162,143.14285714285714,181.2903225806452,402.6,579.1935483870968,539.0,1039.741935483871,1189.9354838709678,1188.0,847.0,458.0,225.3548387096774,152.87096774193552,537.0322580645161
1999-02-28,143.14285714285714,181.2903225806452,402.6,579.1935483870968,539.0,1039.741935483871,1189.9354838709678,1188.0,847.0,458.0,225.3548387096774,152.87096774193552,184.3571428571429,563.1428571428571
1999-03-31,181.2903225806452,402.6,579.1935483870968,539.0,1039.741935483871,1189.9354838709678,1188.0,847.0,458.0,225.3548387096774,152.87096774193552,184.3571428571429,224.5806451612904,607.9354838709677
1999-04-30,402.6,579.1935483870968,539.0,1039.741935483871,1189.9354838709678,1188.0,847.0,458.0,225.3548387096774,152.87096774193552,184.3571428571429,224.5806451612904,284.2,610.5333333333333
1999-05-31,579.1935483870968,539.0,1039.741935483871,1189.9354838709678,1188.0,847.0,458.0,225.3548387096774,152.87096774193552,184.3571428571429,224.5806451612904,284.2,360.8064516129032,564.9677419354839
1999-06-30,539.0,1039.741935483871,1189.9354838709678,1188.0,847.0,458.0,225.3548387096774,152.87096774193552,184.3571428571429,224.5806451612904,284.2,360.8064516129032,1529.4333333333336,664.5
1999-07-31,1039.741935483871,1189.9354838709678,1188.0,847.0,458.0,225.3548387096774,152.87096774193552,184.3571428571429,224.5806451612904,284.2,360.8064516129032,1529.4333333333336,2288.3870967741937,647.8387096774194
1999-08-31,1189.9354838709678,1188.0,847.0,458.0,225.3548387096774,152.87096774193552,184.3571428571429,224.5806451612904,284.2,360.8064516129032,1529.4333333333336,2288.3870967741937,1363.2580645161288,502.7419355
1999-09-30,1188.0,847.0,458.0,225.3548387096774,152.87096774193552,184.3571428571429,224.5806451612904,284.2,360.8064516129032,1529.4333333333336,2288.3870967741937,1363.2580645161288,855.1333333333333,640.1
1999-10-31,847.0,458.0,225.3548387096774,152.87096774193552,184.3571428571429,224.5806451612904,284.2,360.8064516129032,1529.4333333333336,2288.3870967741937,1363.2580645161288,855.1333333333333,1118.8064516129032,594.8387096774194
1999-11-30,458.0,225.3548387096774,152.87096774193552,184.3571428571429,224.5806451612904,284.2,360.8064516129032,1529.4333333333336,2288.3870967741937,1363.2580645161288,855.1333333333333,1118.8064516129032,552.8333333333334,609.4666666666667
1999-12-31,225.3548387096774,152.87096774193552,184.3571428571429,224.5806451612904,284.2,360.8064516129032,1529.4333333333336,2288.3870967741937,1363.2580645161288,855.1333333333333,1118.8064516129032,552.8333333333334,237.32258064516128,613.9677419354839
2000-01-31,152.87096774193552,184.3571428571429,224.5806451612904,284.2,360.8064516129032,1529.4333333333336,2288.3870967741937,1363.2580645161288,855.1333333333333,1118.8064516129032,552.8333333333334,237.32258064516128,170.32258064516128,681.9354838709677
2000-02-29,184.3571428571429,224.5806451612904,284.2,360.8064516129032,1529.4333333333336,2288.3870967741937,1363.2580645161288,855.1333333333333,1118.8064516129032,552.8333333333334,237.32258064516128,170.32258064516128,156.72413793103448,630.1379310344828
2000-03-31,224.5806451612904,284.2,360.8064516129032,1529.4333333333336,2288.3870967741937,1363.2580645161288,855.1333333333333,1118.8064516129032,552.8333333333334,237.32258064516128,170.32258064516128,156.72413793103448,191.83870967741933,562.2580645
2000-04-30,284.2,360.8064516129032,1529.4333333333336,2288.3870967741937,1363.2580645161288,855.1333333333333,1118.8064516129032,552.8333333333334,237.32258064516128,170.32258064516128,156.72413793103448,191.83870967741933,386.1333333333333,704.5999999999999
2000-05-31,360.8064516129032,1529.4333333333336,2288.3870967741937,1363.2580645161288,855.1333333333333,1118.8064516129032,552.8333333333334,237.32258064516128,170.32258064516128,156.72413793103448,191.83870967741933,386.1333333333333,439.8709677419355,625.1612903225806
2000-06-30,1529.4333333333336,2288.3870967741937,1363.2580645161288,855.1333333333333,1118.8064516129032,552.8333333333334,237.32258064516128,170.32258064516128,156.72413793103448,191.83870967741933,386.1333333333333,439.8709677419355,981.0333333333332,555.8933333333333
2000-07-31,2288.3870967741937,1363.2580645161288,855.1333333333333,1118.8064516129032,552.8333333333334,237.32258064516128,170.32258064516128,156.72413793103448,191.83870967741933,386.1333333333333,439.8709677419355,981.0333333333332,765.8387096774194,647.7096774193549
2000-08-31,1363.2580645161288,855.1333333333333,1118.8064516129032,552.8333333333334,237.32258064516128,170.32258064516128,156.72413793103448,191.83870967741933,386.1333333333333,439.8709677419355,981.0333333333332,765.8387096774194,742.9032258064516,641.5806451612904
2000-09-30,855.1333333333333,1118.8064516129032,552.8333333333334,237.32258064516128,170.32258064516128,156.72413793103448,191.83870967741933,386.1333333333333,439.8709677419355,981.0333333333332,765.8387096774194,742.9032258064516,827.5333333333332,510.1666666666667
2000-10-31,1118.8064516129032,552.8333333333334,237.32258064516128,170.32258064516128,156.72413793103448,191.83870967741933,386.1333333333333,439.8709677419355,981.0333333333332,765.8387096774194,742.9032258064516,827.5333333333332,670.8064516129032,618.0322580645161
2000-11-30,552.8333333333334,237.32258064516128,170.32258064516128,156.72413793103448,191.83870967741933,386.1333333333333,439.8709677419355,981.0333333333332,765.8387096774194,742.9032258064516,827.5333333333332,670.8064516129032,357.9,649.3666666666667
2000-12-31,237.32258064516128,170.32258064516128,156.72413793103448,191.83870967741933,386.1333333333333,439.8709677419355,981.0333333333332,765.8387096774194,742.9032258064516,827.5333333333332,670.8064516129032,357.9,170.3548387096774,559.7419355
2001-01-31,170.32258064516128,156.72413793103448,191.83870967741933,386.1333333333333,439.8709677419355,981.0333333333332,765.8387096774194,742.9032258064516,827.5333333333332,670.8064516129032,357.9,170.3548387096774,132.74193548387098,480.8064516129032
2001-02-28,156.72413793103448,191.83870967741933,386.1333333333333,439.8709677419355,981.0333333333332,765.8387096774194,742.9032258064516,827.5333333333332,670.8064516129032,357.9,170.3548387096774,132.74193548387098,141.64285714285714,518.4285714285714
2001-03-31,191.83870967741933,386.1333333333333,439.8709677419355,981.0333333333332,765.8387096774194,742.9032258064516,827.5333333333332,670.8064516129032,357.9,170.3548387096774,132.74193548387098,141.64285714285714,164.4193548387097,500.03225806451616
2001-04-30,386.1333333333333,439.8709677419355,981.0333333333332,765.8387096774194,742.9032258064516,827.5333333333332,670.8064516129032,357.9,170.3548387096774,132.74193548387098,141.64285714285714,164.4193548387097,304.96666666666664,468.3333333333333
2001-05-31,439.8709677419355,981.0333333333332,765.8387096774194,742.9032258064516,827.5333333333332,670.8064516129032,357.9,170.3548387096774,132.74193548387098,141.64285714285714,164.4193548387097,304.96666666666664,463.9354838709677,587.1612903225806
2001-06-30,981.0333333333332,765.8387096774194,742.9032258064516,827.5333333333332,670.8064516129032,357.9,170.3548387096774,132.74193548387098,141.64285714285714,164.4193548387097,304.96666666666664,463.9354838709677,816.0,598.9666666666667
2001-07-31,765.8387096774194,742.9032258064516,827.5333333333332,670.8064516129032,357.9,170.3548387096774,132.74193548387098,141.64285714285714,164.4193548387097,304.96666666666664,463.9354838709677,816.0,582.1612903225806,617.516129
2001-08-31,742.9032258064516,827.5333333333332,670.8064516129032,357.9,170.3548387096774,132.74193548387098,141.64285714285714,164.4193548387097,304.96666666666664,463.9354838709677,816.0,582.1612903225806,523.6451612903226,562.2258064516129
2001-09-30,827.5333333333332,670.8064516129032,357.9,170.3548387096774,132.74193548387098,141.64285714285714,164.4193548387097,304.96666666666664,463.9354838709677,816.0,582.1612903225806,523.6451612903226,761.3666666666667,501.7
2001-10-31,670.8064516129032,357.9,170.3548387096774,132.74193548387098,141.64285714285714,164.4193548387097,304.96666666666664,463.9354838709677,816.0,582.1612903225806,523.6451612903226,761.3666666666667,803.8064516129032,420.9354838709677
2001-11-30,357.9,170.3548387096774,132.74193548387098,141.64285714285714,164.4193548387097,304.96666666666664,463.9354838709677,816.0,582.1612903225806,523.6451612903226,761.3666666666667,803.8064516129032,367.36666666666673,628.9333333333333
2001-12-31,170.3548387096774,132.74193548387098,141.64285714285714,164.4193548387097,304.96666666666664,463.9354838709677,816.0,582.1612903225806,523.6451612903226,761.3666666666667,803.8064516129032,367.36666666666673,182.2258064516129,661.7096774193549
2002-01-31,132.74193548387098,141.64285714285714,164.4193548387097,304.96666666666664,463.9354838709677,816.0,582.1612903225806,523.6451612903226,761.3666666666667,803.8064516129032,367.36666666666673,182.2258064516129,121.35483870967742,385.9032258064516
2002-02-28,141.64285714285714,164.4193548387097,304.96666666666664,463.9354838709677,816.0,582.1612903225806,523.6451612903226,761.3666666666667,803.8064516129032,367.36666666666673,182.2258064516129,121.35483870967742,135.60714285714286,378.3928571428572
2002-03-31,164.4193548387097,304.96666666666664,463.9354838709677,816.0,582.1612903225806,523.6451612903226,761.3666666666667,803.8064516129032,367.36666666666673,182.2258064516129,121.35483870967742,135.60714285714286,168.29032258064518,476.8419354838709
2002-04-30,304.96666666666664,463.9354838709677,816.0,582.1612903225806,523.6451612903226,761.3666666666667,803.8064516129032,367.36666666666673,182.2258064516129,121.35483870967742,135.60714285714286,168.29032258064518,234.4,536.8333333333334
2002-05-31,463.9354838709677,816.0,582.1612903225806,523.6451612903226,761.3666666666667,803.8064516129032,367.36666666666673,182.2258064516129,121.35483870967742,135.60714285714286,168.29032258064518,234.4,300.1290322580645,552.483871
2002-06-30,816.0,582.1612903225806,523.6451612903226,761.3666666666667,803.8064516129032,367.36666666666673,182.2258064516129,121.35483870967742,135.60714285714286,168.29032258064518,234.4,300.1290322580645,794.0666666666667,454.76666666666665
2002-07-31,582.1612903225806,523.6451612903226,761.3666666666667,803.8064516129032,367.36666666666673,182.2258064516129,121.35483870967742,135.60714285714286,168.29032258064518,234.4,300.1290322580645,794.0666666666667,781.3548387096774,512.4516129032259
2002-08-31,523.6451612903226,761.3666666666667,803.8064516129032,367.36666666666673,182.2258064516129,121.35483870967742,135.60714285714286,168.29032258064518,234.4,300.1290322580645,794.0666666666667,781.3548387096774,447.2903225806452,549.0645161290323
2002-09-30,761.3666666666667,803.8064516129032,367.36666666666673,182.2258064516129,121.35483870967742,135.60714285714286,168.29032258064518,234.4,300.1290322580645,794.0666666666667,781.3548387096774,447.2903225806452,381.63333333333327,530.4
2002-10-31,803.8064516129032,367.36666666666673,182.2258064516129,121.35483870967742,135.60714285714286,168.29032258064518,234.4,300.1290322580645,794.0666666666667,781.3548387096774,447.2903225806452,381.63333333333327,328.7741935483871,760.4193548387096
2002-11-30,367.36666666666673,182.2258064516129,121.35483870967742,135.60714285714286,168.29032258064518,234.4,300.1290322580645,794.0666666666667,781.3548387096774,447.2903225806452,381.63333333333327,328.7741935483871,197.2333333333333,666.9666666666667
2002-12-31,182.2258064516129,121.35483870967742,135.60714285714286,168.29032258064518,234.4,300.1290322580645,794.0666666666667,781.3548387096774,447.2903225806452,381.63333333333327,328.7741935483871,197.2333333333333,123.94193548387096,506.06451612903226
2003-01-31,121.35483870967742,135.60714285714286,168.29032258064518,234.4,300.1290322580645,794.0666666666667,781.3548387096774,447.2903225806452,381.63333333333327,328.7741935483871,197.2333333333333,123.94193548387096,87.1,373.64516129032256
2003-02-28,135.60714285714286,168.29032258064518,234.4,300.1290322580645,794.0666666666667,781.3548387096774,447.2903225806452,381.63333333333327,328.7741935483871,197.2333333333333,123.94193548387096,87.1,97.92142857142858,214.75
2003-03-31,168.29032258064518,234.4,300.1290322580645,794.0666666666667,781.3548387096774,447.2903225806452,381.63333333333327,328.7741935483871,197.2333333333333,123.94193548387096,87.1,97.92142857142858,146.0,253.06451612903223
2003-04-30,234.4,300.1290322580645,794.0666666666667,781.3548387096774,447.2903225806452,381.63333333333327,328.7741935483871,197.2333333333333,123.94193548387096,87.1,97.92142857142858,146.0,218.56666666666663,387.8666666666667
2003-05-31,300.1290322580645,794.0666666666667,781.3548387096774,447.2903225806452,381.63333333333327,328.7741935483871,197.2333333333333,123.94193548387096,87.1,97.92142857142858,146.0,218.56666666666663,367.0322580645161,394.9870967741936
2003-06-30,794.0666666666667,781.3548387096774,447.2903225806452,381.63333333333327,328.7741935483871,197.2333333333333,123.94193548387096,87.1,97.92142857142858,146.0,218.56666666666663,367.0322580645161,509.03333333333336,426.1
2003-07-31,781.3548387096774,447.2903225806452,381.63333333333327,328.7741935483871,197.2333333333333,123.94193548387096,87.1,97.92142857142858,146.0,218.56666666666663,367.0322580645161,509.03333333333336,795.2580645,510.6774193548387
2003-08-31,447.2903225806452,381.63333333333327,328.7741935483871,197.2333333333333,123.94193548387096,87.1,97.92142857142858,146.0,218.56666666666663,367.0322580645161,509.03333333333336,795.2580645,1184.5806451612902,342.48387096774195
2003-09-30,381.63333333333327,328.7741935483871,197.2333333333333,123.94193548387096,87.1,97.92142857142858,146.0,218.56666666666663,367.0322580645161,509.03333333333336,795.2580645,1184.5806451612902,1471.6666666666667,409.0
2003-10-31,328.7741935483871,197.2333333333333,123.94193548387096,87.1,97.92142857142858,146.0,218.56666666666663,367.0322580645161,509.03333333333336,795.2580645,1184.5806451612902,1471.6666666666667,995.2580645,403.2580645
2003-11-30,197.2333333333333,123.94193548387096,87.1,97.92142857142858,146.0,218.56666666666663,367.0322580645161,509.03333333333336,795.2580645,1184.5806451612902,1471.6666666666667,995.2580645,426.3666666666667,487.3
2003-12-31,123.94193548387096,87.1,97.92142857142858,146.0,218.56666666666663,367.0322580645161,509.03333333333336,795.2580645,1184.5806451612902,1471.6666666666667,995.2580645,426.3666666666667,200.3870967741936,398.4193548387097
2004-01-31,87.1,97.92142857142858,146.0,218.56666666666663,367.0322580645161,509.03333333333336,795.2580645,1184.5806451612902,1471.6666666666667,995.2580645,426.3666666666667,200.3870967741936,145.74193548387098,429.1290322580645
2004-02-29,97.92142857142858,146.0,218.56666666666663,367.0322580645161,509.03333333333336,795.2580645,1184.5806451612902,1471.6666666666667,995.2580645,426.3666666666667,200.3870967741936,145.74193548387098,129.86206896551724,504.82758620689657
2004-03-31,146.0,218.56666666666663,367.0322580645161,509.03333333333336,795.2580645,1184.5806451612902,1471.6666666666667,995.2580645,426.3666666666667,200.3870967741936,145.74193548387098,129.86206896551724,190.03225806451613,528.7419355
2004-04-30,218.56666666666663,367.0322580645161,509.03333333333336,795.2580645,1184.5806451612902,1471.6666666666667,995.2580645,426.3666666666667,200.3870967741936,145.74193548387098,129.86206896551724,190.03225806451613,218.76666666666668,468.4333333333333
2004-05-31,367.0322580645161,509.03333333333336,795.2580645,1184.5806451612902,1471.6666666666667,995.2580645,426.3666666666667,200.3870967741936,145.74193548387098,129.86206896551724,190.03225806451613,218.76666666666668,296.61290322580646,516.2258064516129
2004-06-30,509.03333333333336,795.2580645,1184.5806451612902,1471.6666666666667,995.2580645,426.3666666666667,200.3870967741936,145.74193548387098,129.86206896551724,190.03225806451613,218.76666666666668,296.61290322580646,648.4,587.6333333333333
2004-07-31,795.2580645,1184.5806451612902,1471.6666666666667,995.2580645,426.3666666666667,200.3870967741936,145.74193548387098,129.86206896551724,190.03225806451613,218.76666666666668,296.61290322580646,648.4,688.2258064516129,542.8709677419355
2004-08-31,1184.5806451612902,1471.6666666666667,995.2580645,426.3666666666667,200.3870967741936,145.74193548387098,129.86206896551724,190.03225806451613,218.76666666666668,296.61290322580646,648.4,688.2258064516129,876.4516129032259,333.80612903225807
2004-09-30,1471.6666666666667,995.2580645,426.3666666666667,200.3870967741936,145.74193548387098,129.86206896551724,190.03225806451613,218.76666666666668,296.61290322580646,648.4,688.2258064516129,876.4516129032259,1060.5333333333333,441.73333333333335
2004-10-31,995.2580645,426.3666666666667,200.3870967741936,145.74193548387098,129.86206896551724,190.03225806451613,218.76666666666668,296.61290322580646,648.4,688.2258064516129,876.4516129032259,1060.5333333333333,825.6129032258065,537.7096774193549
2004-11-30,426.3666666666667,200.3870967741936,145.74193548387098,129.86206896551724,190.03225806451613,218.76666666666668,296.61290322580646,648.4,688.2258064516129,876.4516129032259,1060.5333333333333,825.6129032258065,444.9666666666666,484.4
2004-12-31,200.3870967741936,145.74193548387098,129.86206896551724,190.03225806451613,218.76666666666668,296.61290322580646,648.4,688.2258064516129,876.4516129032259,1060.5333333333333,825.6129032258065,444.9666666666666,210.4193548387097,504.5806451612903
2005-01-31,145.74193548387098,129.86206896551724,190.03225806451613,218.76666666666668,296.61290322580646,648.4,688.2258064516129,876.4516129032259,1060.5333333333333,825.6129032258065,444.9666666666666,210.4193548387097,154.51612903225808,513.1612903225806
2005-02-28,129.86206896551724,190.03225806451613,218.76666666666668,296.61290322580646,648.4,688.2258064516129,876.4516129032259,1060.5333333333333,825.6129032258065,444.9666666666666,210.4193548387097,154.51612903225808,146.10714285714286,406.8571428571429
2005-03-31,190.03225806451613,218.76666666666668,296.61290322580646,648.4,688.2258064516129,876.4516129032259,1060.5333333333333,825.6129032258065,444.9666666666666,210.4193548387097,154.51612903225808,146.10714285714286,195.70967741935485,457.9354838709677
2005-04-30,218.76666666666668,296.61290322580646,648.4,688.2258064516129,876.4516129032259,1060.5333333333333,825.6129032258065,444.9666666666666,210.4193548387097,154.51612903225808,146.10714285714286,195.70967741935485,340.16666666666663,523.1
2005-05-31,296.61290322580646,648.4,688.2258064516129,876.4516129032259,1060.5333333333333,825.6129032258065,444.9666666666666,210.4193548387097,154.51612903225808,146.10714285714286,195.70967741935485,340.16666666666663,626.516129,556.3548387096774
2005-06-30,648.4,688.2258064516129,876.4516129032259,1060.5333333333333,825.6129032258065,444.9666666666666,210.4193548387097,154.51612903225808,146.10714285714286,195.70967741935485,340.16666666666663,626.516129,786.5666666666667,532.2333333333333
2005-07-31,688.2258064516129,876.4516129032259,1060.5333333333333,825.6129032258065,444.9666666666666,210.4193548387097,154.51612903225808,146.10714285714286,195.70967741935485,340.16666666666663,626.516129,786.5666666666667,1950.3225806451608,588.9032258064516
2005-08-31,876.4516129032259,1060.5333333333333,825.6129032258065,444.9666666666666,210.4193548387097,154.51612903225808,146.10714285714286,195.70967741935485,340.16666666666663,626.516129,786.5666666666667,1950.3225806451608,1528.7096774193549,584.7419355
2005-09-30,1060.5333333333333,825.6129032258065,444.9666666666666,210.4193548387097,154.51612903225808,146.10714285714286,195.70967741935485,340.16666666666663,626.516129,786.5666666666667,1950.3225806451608,1528.7096774193549,1328.0,591.5333333333333
2005-10-31,825.6129032258065,444.9666666666666,210.4193548387097,154.51612903225808,146.10714285714286,195.70967741935485,340.16666666666663,626.516129,786.5666666666667,1950.3225806451608,1528.7096774193549,1328.0,1691.7096774193549,775.0322580645161
2005-11-30,444.9666666666666,210.4193548387097,154.51612903225808,146.10714285714286,195.70967741935485,340.16666666666663,626.516129,786.5666666666667,1950.3225806451608,1528.7096774193549,1328.0,1691.7096774193549,618.8,558.3333333333334
2005-12-31,210.4193548387097,154.51612903225808,146.10714285714286,195.70967741935485,340.16666666666663,626.516129,786.5666666666667,1950.3225806451608,1528.7096774193549,1328.0,1691.7096774193549,618.8,266.2258064516129,502.3225806451613
2006-01-31,154.51612903225808,146.10714285714286,195.70967741935485,340.16666666666663,626.516129,786.5666666666667,1950.3225806451608,1528.7096774193549,1328.0,1691.7096774193549,618.8,266.2258064516129,220.8709677419355,433.4516129032258
2006-02-28,146.10714285714286,195.70967741935485,340.16666666666663,626.516129,786.5666666666667,1950.3225806451608,1528.7096774193549,1328.0,1691.7096774193549,618.8,266.2258064516129,220.8709677419355,214.78571428571428,454.82142857142856
2006-03-31,195.70967741935485,340.16666666666663,626.516129,786.5666666666667,1950.3225806451608,1528.7096774193549,1328.0,1691.7096774193549,618.8,266.2258064516129,220.8709677419355,214.78571428571428,227.83870967741936,648.0
2006-04-30,340.16666666666663,626.516129,786.5666666666667,1950.3225806451608,1528.7096774193549,1328.0,1691.7096774193549,618.8,266.2258064516129,220.8709677419355,214.78571428571428,227.83870967741936,290.0,924.2333333333332
2006-05-31,626.516129,786.5666666666667,1950.3225806451608,1528.7096774193549,1328.0,1691.7096774193549,618.8,266.2258064516129,220.8709677419355,214.78571428571428,227.83870967741936,290.0,365.03225806451616,948.6129032258063
2006-06-30,786.5666666666667,1950.3225806451608,1528.7096774193549,1328.0,1691.7096774193549,618.8,266.2258064516129,220.8709677419355,214.78571428571428,227.83870967741936,290.0,365.03225806451616,622.3000000000001,775.5666666666667
2006-07-31,1950.3225806451608,1528.7096774193549,1328.0,1691.7096774193549,618.8,266.2258064516129,220.8709677419355,214.78571428571428,227.83870967741936,290.0,365.03225806451616,622.3000000000001,823.4516129032259,900.516129
2006-08-31,1528.7096774193549,1328.0,1691.7096774193549,618.8,266.2258064516129,220.8709677419355,214.78571428571428,227.83870967741936,290.0,365.03225806451616,622.3000000000001,823.4516129032259,582.6451612903226,651.7419355
2006-09-30,1328.0,1691.7096774193549,618.8,266.2258064516129,220.8709677419355,214.78571428571428,227.83870967741936,290.0,365.03225806451616,622.3000000000001,823.4516129032259,582.6451612903226,773.8,531.6333333333333
2006-10-31,1691.7096774193549,618.8,266.2258064516129,220.8709677419355,214.78571428571428,227.83870967741936,290.0,365.03225806451616,622.3000000000001,823.4516129032259,582.6451612903226,773.8,699.5483870967741,512.2903225806451
2006-11-30,618.8,266.2258064516129,220.8709677419355,214.78571428571428,227.83870967741936,290.0,365.03225806451616,622.3000000000001,823.4516129032259,582.6451612903226,773.8,699.5483870967741,354.9333333333333,506.06666666666666
2006-12-31,266.2258064516129,220.8709677419355,214.78571428571428,227.83870967741936,290.0,365.03225806451616,622.3000000000001,823.4516129032259,582.6451612903226,773.8,699.5483870967741,354.9333333333333,185.5483870967742,488.9354838709677
2007-01-31,220.8709677419355,214.78571428571428,227.83870967741936,290.0,365.03225806451616,622.3000000000001,823.4516129032259,582.6451612903226,773.8,699.5483870967741,354.9333333333333,185.5483870967742,137.93548387096774,495.5161290322581
2007-02-28,214.78571428571428,227.83870967741936,290.0,365.03225806451616,622.3000000000001,823.4516129032259,582.6451612903226,773.8,699.5483870967741,354.9333333333333,185.5483870967742,137.93548387096774,133.25,481.4285714285714
2007-03-31,227.83870967741936,290.0,365.03225806451616,622.3000000000001,823.4516129032259,582.6451612903226,773.8,699.5483870967741,354.9333333333333,185.5483870967742,137.93548387096774,133.25,216.48387096774192,568.4258064516129
2007-04-30,290.0,365.03225806451616,622.3000000000001,823.4516129032259,582.6451612903226,773.8,699.5483870967741,354.9333333333333,185.5483870967742,137.93548387096774,133.25,216.48387096774192,292.8,571.6733333333333
2007-05-31,365.03225806451616,622.3000000000001,823.4516129032259,582.6451612903226,773.8,699.5483870967741,354.9333333333333,185.5483870967742,137.93548387096774,133.25,216.48387096774192,292.8,297.03225806451616,664.7419355
2007-06-30,622.3000000000001,823.4516129032259,582.6451612903226,773.8,699.5483870967741,354.9333333333333,185.5483870967742,137.93548387096774,133.25,216.48387096774192,292.8,297.03225806451616,1248.3666666666666,819.9333333333333
2007-07-31,823.4516129032259,582.6451612903226,773.8,699.5483870967741,354.9333333333333,185.5483870967742,137.93548387096774,133.25,216.48387096774192,292.8,297.03225806451616,1248.3666666666666,1397.9354838709678,673.7096774193549
2007-08-31,582.6451612903226,773.8,699.5483870967741,354.9333333333333,185.5483870967742,137.93548387096774,133.25,216.48387096774192,292.8,297.03225806451616,1248.3666666666666,1397.9354838709678,889.9677419354839,824.6774193548387
2007-09-30,773.8,699.5483870967741,354.9333333333333,185.5483870967742,137.93548387096774,133.25,216.48387096774192,292.8,297.03225806451616,1248.3666666666666,1397.9354838709678,889.9677419354839,1062.2,821.2666666666667
2007-10-31,699.5483870967741,354.9333333333333,185.5483870967742,137.93548387096774,133.25,216.48387096774192,292.8,297.03225806451616,1248.3666666666666,1397.9354838709678,889.9677419354839,1062.2,814.2580645,533.6451612903226
2007-11-30,354.9333333333333,185.5483870967742,137.93548387096774,133.25,216.48387096774192,292.8,297.03225806451616,1248.3666666666666,1397.9354838709678,889.9677419354839,1062.2,814.2580645,455.7,466.73333333333335
2007-12-31,185.5483870967742,137.93548387096774,133.25,216.48387096774192,292.8,297.03225806451616,1248.3666666666666,1397.9354838709678,889.9677419354839,1062.2,814.2580645,455.7,223.6451612903226,498.7419355
2008-01-31,137.93548387096774,133.25,216.48387096774192,292.8,297.03225806451616,1248.3666666666666,1397.9354838709678,889.9677419354839,1062.2,814.2580645,455.7,223.6451612903226,176.6451612903226,493.35483870967744
2008-02-29,133.25,216.48387096774192,292.8,297.03225806451616,1248.3666666666666,1397.9354838709678,889.9677419354839,1062.2,814.2580645,455.7,223.6451612903226,176.6451612903226,142.51724137931035,522.1379310344828
2008-03-31,216.48387096774192,292.8,297.03225806451616,1248.3666666666666,1397.9354838709678,889.9677419354839,1062.2,814.2580645,455.7,223.6451612903226,176.6451612903226,142.51724137931035,227.8709677419355,438.5806451612903
2008-04-30,292.8,297.03225806451616,1248.3666666666666,1397.9354838709678,889.9677419354839,1062.2,814.2580645,455.7,223.6451612903226,176.6451612903226,142.51724137931035,227.8709677419355,363.5,707.9333333333333
2008-05-31,297.03225806451616,1248.3666666666666,1397.9354838709678,889.9677419354839,1062.2,814.2580645,455.7,223.6451612903226,176.6451612903226,142.51724137931035,227.8709677419355,363.5,357.38709677419354,782.2580645161291
2008-06-30,1248.3666666666666,1397.9354838709678,889.9677419354839,1062.2,814.2580645,455.7,223.6451612903226,176.6451612903226,142.51724137931035,227.8709677419355,363.5,357.38709677419354,447.4333333333333,926.2333333333332
2008-07-31,1397.9354838709678,889.9677419354839,1062.2,814.2580645,455.7,223.6451612903226,176.6451612903226,142.51724137931035,227.8709677419355,363.5,357.38709677419354,447.4333333333333,860.0967741935484,805.0967741935484
2008-08-31,889.9677419354839,1062.2,814.2580645,455.7,223.6451612903226,176.6451612903226,142.51724137931035,227.8709677419355,363.5,357.38709677419354,447.4333333333333,860.0967741935484,1080.0967741935483,782.6129032258066
2008-09-30,1062.2,814.2580645,455.7,223.6451612903226,176.6451612903226,142.51724137931035,227.8709677419355,363.5,357.38709677419354,447.4333333333333,860.0967741935484,1080.0967741935483,958.2666666666668,661.9666666666667
2008-10-31,814.2580645,455.7,223.6451612903226,176.6451612903226,142.51724137931035,227.8709677419355,363.5,357.38709677419354,447.4333333333333,860.0967741935484,1080.0967741935483,958.2666666666668,1140.5806451612902,525.7419355
2008-11-30,455.7,223.6451612903226,176.6451612903226,142.51724137931035,227.8709677419355,363.5,357.38709677419354,447.4333333333333,860.0967741935484,1080.0967741935483,958.2666666666668,1140.5806451612902,575.5666666666667,449.83
2008-12-31,223.6451612903226,176.6451612903226,142.51724137931035,227.8709677419355,363.5,357.38709677419354,447.4333333333333,860.0967741935484,1080.0967741935483,958.2666666666668,1140.5806451612902,575.5666666666667,273.7741935483871,509.0967741935484
2009-01-31,176.6451612903226,142.51724137931035,227.8709677419355,363.5,357.38709677419354,447.4333333333333,860.0967741935484,1080.0967741935483,958.2666666666668,1140.5806451612902,575.5666666666667,273.7741935483871,192.03225806451616,460.2129032258064
2009-02-28,142.51724137931035,227.8709677419355,363.5,357.38709677419354,447.4333333333333,860.0967741935484,1080.0967741935483,958.2666666666668,1140.5806451612902,575.5666666666667,273.7741935483871,192.03225806451616,218.67857142857144,564.4642857142857
2009-03-31,227.8709677419355,363.5,357.38709677419354,447.4333333333333,860.0967741935484,1080.0967741935483,958.2666666666668,1140.5806451612902,575.5666666666667,273.7741935483871,192.03225806451616,218.67857142857144,270.83870967741933,573.516129
2009-04-30,363.5,357.38709677419354,447.4333333333333,860.0967741935484,1080.0967741935483,958.2666666666668,1140.5806451612902,575.5666666666667,273.7741935483871,192.03225806451616,218.67857142857144,270.83870967741933,437.8,918.9666666666668
2009-05-31,357.38709677419354,447.4333333333333,860.0967741935484,1080.0967741935483,958.2666666666668,1140.5806451612902,575.5666666666667,273.7741935483871,192.03225806451616,218.67857142857144,270.83870967741933,437.8,700.8387096774193,936.0967741935484
2009-06-30,447.4333333333333,860.0967741935484,1080.0967741935483,958.2666666666668,1140.5806451612902,575.5666666666667,273.7741935483871,192.03225806451616,218.67857142857144,270.83870967741933,437.8,700.8387096774193,1071.2,851.8
2009-07-31,860.0967741935484,1080.0967741935483,958.2666666666668,1140.5806451612902,575.5666666666667,273.7741935483871,192.03225806451616,218.67857142857144,270.83870967741933,437.8,700.8387096774193,1071.2,1684.774193548387,618.0645161290323
2009-08-31,1080.0967741935483,958.2666666666668,1140.5806451612902,575.5666666666667,273.7741935483871,192.03225806451616,218.67857142857144,270.83870967741933,437.8,700.8387096774193,1071.2,1684.774193548387,1553.225806451613,665.9677419354839
2009-09-30,958.2666666666668,1140.5806451612902,575.5666666666667,273.7741935483871,192.03225806451616,218.67857142857144,270.83870967741933,437.8,700.8387096774193,1071.2,1684.774193548387,1553.225806451613,1559.3333333333333,635.3666666666667
2009-10-31,1140.5806451612902,575.5666666666667,273.7741935483871,192.03225806451616,218.67857142857144,270.83870967741933,437.8,700.8387096774193,1071.2,1684.774193548387,1553.225806451613,1559.3333333333333,1238.1935483870968,602.8709677419355
2009-11-30,575.5666666666667,273.7741935483871,192.03225806451616,218.67857142857144,270.83870967741933,437.8,700.8387096774193,1071.2,1684.774193548387,1553.225806451613,1559.3333333333333,1238.1935483870968,685.2333333333332,666.1333333333334
2009-12-31,273.7741935483871,192.03225806451616,218.67857142857144,270.83870967741933,437.8,700.8387096774193,1071.2,1684.774193548387,1553.225806451613,1559.3333333333333,1238.1935483870968,685.2333333333332,367.2903225806451,545.7096774193549
2010-01-31,192.03225806451616,218.67857142857144,270.83870967741933,437.8,700.8387096774193,1071.2,1684.774193548387,1553.225806451613,1559.3333333333333,1238.1935483870968,685.2333333333332,367.2903225806451,237.3870967741936,506.3870967741936
2010-02-28,218.67857142857144,270.83870967741933,437.8,700.8387096774193,1071.2,1684.774193548387,1553.225806451613,1559.3333333333333,1238.1935483870968,685.2333333333332,367.2903225806451,237.3870967741936,243.75,444.32142857142856
2010-03-31,270.83870967741933,437.8,700.8387096774193,1071.2,1684.774193548387,1553.225806451613,1559.3333333333333,1238.1935483870968,685.2333333333332,367.2903225806451,237.3870967741936,243.75,286.51612903225805,500.7419355
2010-04-30,437.8,700.8387096774193,1071.2,1684.774193548387,1553.225806451613,1559.3333333333333,1238.1935483870968,685.2333333333332,367.2903225806451,237.3870967741936,243.75,286.51612903225805,317.03333333333336,838.0
2010-05-31,700.8387096774193,1071.2,1684.774193548387,1553.225806451613,1559.3333333333333,1238.1935483870968,685.2333333333332,367.2903225806451,237.3870967741936,243.75,286.51612903225805,317.03333333333336,373.2903225806452,906.2903225806452
2010-06-30,1071.2,1684.774193548387,1553.225806451613,1559.3333333333333,1238.1935483870968,685.2333333333332,367.2903225806451,237.3870967741936,243.75,286.51612903225805,317.03333333333336,373.2903225806452,1009.7666666666668,910.2
2010-07-31,1684.774193548387,1553.225806451613,1559.3333333333333,1238.1935483870968,685.2333333333332,367.2903225806451,237.3870967741936,243.75,286.51612903225805,317.03333333333336,373.2903225806452,1009.7666666666668,2117.0967741935483,1045.6129032258063
2010-08-31,1553.225806451613,1559.3333333333333,1238.1935483870968,685.2333333333332,367.2903225806451,237.3870967741936,243.75,286.51612903225805,317.03333333333336,373.2903225806452,1009.7666666666668,2117.0967741935483,944.6774193548388,1101.8064516129032
2010-09-30,1559.3333333333333,1238.1935483870968,685.2333333333332,367.2903225806451,237.3870967741936,243.75,286.51612903225805,317.03333333333336,373.2903225806452,1009.7666666666668,2117.0967741935483,944.6774193548388,688.6333333333333,880.3
2010-10-31,1238.1935483870968,685.2333333333332,367.2903225806451,237.3870967741936,243.75,286.51612903225805,317.03333333333336,373.2903225806452,1009.7666666666668,2117.0967741935483,944.6774193548388,688.6333333333333,616.7741935483871,568.5483870967741
2010-11-30,685.2333333333332,367.2903225806451,237.3870967741936,243.75,286.51612903225805,317.03333333333336,373.2903225806452,1009.7666666666668,2117.0967741935483,944.6774193548388,688.6333333333333,616.7741935483871,422.1666666666667,539.6333333333333
2010-12-31,367.2903225806451,237.3870967741936,243.75,286.51612903225805,317.03333333333336,373.2903225806452,1009.7666666666668,2117.0967741935483,944.6774193548388,688.6333333333333,616.7741935483871,422.1666666666667,203.4516129032258,595.2258064516129
2011-01-31,237.3870967741936,243.75,286.51612903225805,317.03333333333336,373.2903225806452,1009.7666666666668,2117.0967741935483,944.6774193548388,688.6333333333333,616.7741935483871,422.1666666666667,203.4516129032258,178.5483870967742,558.2580645
2011-02-28,243.75,286.51612903225805,317.03333333333336,373.2903225806452,1009.7666666666668,2117.0967741935483,944.6774193548388,688.6333333333333,616.7741935483871,422.1666666666667,203.4516129032258,178.5483870967742,157.5,340.2142857142857
2011-03-31,286.51612903225805,317.03333333333336,373.2903225806452,1009.7666666666668,2117.0967741935483,944.6774193548388,688.6333333333333,616.7741935483871,422.1666666666667,203.4516129032258,178.5483870967742,157.5,215.70967741935485,583.5806451612904
2011-04-30,317.03333333333336,373.2903225806452,1009.7666666666668,2117.0967741935483,944.6774193548388,688.6333333333333,616.7741935483871,422.1666666666667,203.4516129032258,178.5483870967742,157.5,215.70967741935485,383.8,819.2666666666667
2011-05-31,373.2903225806452,1009.7666666666668,2117.0967741935483,944.6774193548388,688.6333333333333,616.7741935483871,422.1666666666667,203.4516129032258,178.5483870967742,157.5,215.70967741935485,383.8,459.6774193548387,845.2580645
2011-06-30,1009.7666666666668,2117.0967741935483,944.6774193548388,688.6333333333333,616.7741935483871,422.1666666666667,203.4516129032258,178.5483870967742,157.5,215.70967741935485,383.8,459.6774193548387,1166.8666666666666,728.5
2011-07-31,2117.0967741935483,944.6774193548388,688.6333333333333,616.7741935483871,422.1666666666667,203.4516129032258,178.5483870967742,157.5,215.70967741935485,383.8,459.6774193548387,1166.8666666666666,1570.8064516129032,696.5483870967741
2011-08-31,944.6774193548388,688.6333333333333,616.7741935483871,422.1666666666667,203.4516129032258,178.5483870967742,157.5,215.70967741935485,383.8,459.6774193548387,1166.8666666666666,1570.8064516129032,896.7419355,659.8709677419355
2011-09-30,688.6333333333333,616.7741935483871,422.1666666666667,203.4516129032258,178.5483870967742,157.5,215.70967741935485,383.8,459.6774193548387,1166.8666666666666,1570.8064516129032,896.7419355,985.1333333333332,648.3333333333334
2011-10-31,616.7741935483871,422.1666666666667,203.4516129032258,178.5483870967742,157.5,215.70967741935485,383.8,459.6774193548387,1166.8666666666666,1570.8064516129032,896.7419355,985.1333333333332,1057.6129032258063,578.0967741935484
2011-11-30,422.1666666666667,203.4516129032258,178.5483870967742,157.5,215.70967741935485,383.8,459.6774193548387,1166.8666666666666,1570.8064516129032,896.7419355,985.1333333333332,1057.6129032258063,603.8666666666667,564.0333333333333
2011-12-31,203.4516129032258,178.5483870967742,157.5,215.70967741935485,383.8,459.6774193548387,1166.8666666666666,1570.8064516129032,896.7419355,985.1333333333332,1057.6129032258063,603.8666666666667,326.0,580.2580645
2012-01-31,178.5483870967742,157.5,215.70967741935485,383.8,459.6774193548387,1166.8666666666666,1570.8064516129032,896.7419355,985.1333333333332,1057.6129032258063,603.8666666666667,326.0,237.96774193548387,511.35483870967744
2012-02-29,157.5,215.70967741935485,383.8,459.6774193548387,1166.8666666666666,1570.8064516129032,896.7419355,985.1333333333332,1057.6129032258063,603.8666666666667,326.0,237.96774193548387,237.79310344827587,468.7241379310345
2012-03-31,215.70967741935485,383.8,459.6774193548387,1166.8666666666666,1570.8064516129032,896.7419355,985.1333333333332,1057.6129032258063,603.8666666666667,326.0,237.96774193548387,237.79310344827587,300.77419354838713,459.1290322580645
2012-04-30,383.8,459.6774193548387,1166.8666666666666,1570.8064516129032,896.7419355,985.1333333333332,1057.6129032258063,603.8666666666667,326.0,237.96774193548387,237.79310344827587,300.77419354838713,521.7,605.6333333333333
2012-05-31,459.6774193548387,1166.8666666666666,1570.8064516129032,896.7419355,985.1333333333332,1057.6129032258063,603.8666666666667,326.0,237.96774193548387,237.79310344827587,300.77419354838713,521.7,822.7096774193549,856.0645161290323
2012-06-30,1166.8666666666666,1570.8064516129032,896.7419355,985.1333333333332,1057.6129032258063,603.8666666666667,326.0,237.96774193548387,237.79310344827587,300.77419354838713,521.7,822.7096774193549,1072.0,852.9666666666667
2012-07-31,1570.8064516129032,896.7419355,985.1333333333332,1057.6129032258063,603.8666666666667,326.0,237.96774193548387,237.79310344827587,300.77419354838713,521.7,822.7096774193549,1072.0,2577.741935483871,1100.741935483871
2012-08-31,896.7419355,985.1333333333332,1057.6129032258063,603.8666666666667,326.0,237.96774193548387,237.79310344827587,300.77419354838713,521.7,822.7096774193549,1072.0,2577.741935483871,2275.483870967742,1644.1935483870968
2012-09-30,985.1333333333332,1057.6129032258063,603.8666666666667,326.0,237.96774193548387,237.79310344827587,300.77419354838713,521.7,822.7096774193549,1072.0,2577.741935483871,2275.483870967742,1065.3333333333333,956.6333333333332
2012-10-31,1057.6129032258063,603.8666666666667,326.0,237.96774193548387,237.79310344827587,300.77419354838713,521.7,822.7096774193549,1072.0,2577.741935483871,2275.483870967742,1065.3333333333333,893.7741935483871,862.483871
2012-11-30,603.8666666666667,326.0,237.96774193548387,237.79310344827587,300.77419354838713,521.7,822.7096774193549,1072.0,2577.741935483871,2275.483870967742,1065.3333333333333,893.7741935483871,472.9666666666666,718.1600000000001
2012-12-31,326.0,237.96774193548387,237.79310344827587,300.77419354838713,521.7,822.7096774193549,1072.0,2577.741935483871,2275.483870967742,1065.3333333333333,893.7741935483871,472.9666666666666,243.51612903225808,558.4516129032259
2013-01-31,237.96774193548387,237.79310344827587,300.77419354838713,521.7,822.7096774193549,1072.0,2577.741935483871,2275.483870967742,1065.3333333333333,893.7741935483871,472.9666666666666,243.51612903225808,243.8709677419355,614.9451612964754
2013-02-28,237.79310344827587,300.77419354838713,521.7,822.7096774193549,1072.0,2577.741935483871,2275.483870967742,1065.3333333333333,893.7741935483871,472.9666666666666,243.51612903225808,243.8709677419355,264.6071428571428,510.9642857142857
2013-03-31,300.77419354838713,521.7,822.7096774193549,1072.0,2577.741935483871,2275.483870967742,1065.3333333333333,893.7741935483871,472.9666666666666,243.51612903225808,243.8709677419355,264.6071428571428,326.4193548387097,616.483871
2013-04-30,521.7,822.7096774193549,1072.0,2577.741935483871,2275.483870967742,1065.3333333333333,893.7741935483871,472.9666666666666,243.51612903225808,243.8709677419355,264.6071428571428,326.4193548387097,312.2666666666667,789.9
2013-05-31,822.7096774193549,1072.0,2577.741935483871,2275.483870967742,1065.3333333333333,893.7741935483871,472.9666666666666,243.51612903225808,243.8709677419355,264.6071428571428,326.4193548387097,312.2666666666667,663.7741935483871,878.8064516129032
2013-06-30,1072.0,2577.741935483871,2275.483870967742,1065.3333333333333,893.7741935483871,472.9666666666666,243.51612903225808,243.8709677419355,264.6071428571428,326.4193548387097,312.2666666666667,663.7741935483871,886.6,846.6666666666666
2013-07-31,2577.741935483871,2275.483870967742,1065.3333333333333,893.7741935483871,472.9666666666666,243.51612903225808,243.8709677419355,264.6071428571428,326.4193548387097,312.2666666666667,663.7741935483871,886.6,1586.741935483871,744.483871
2013-08-31,2275.483870967742,1065.3333333333333,893.7741935483871,472.9666666666666,243.51612903225808,243.8709677419355,264.6071428571428,326.4193548387097,312.2666666666667,663.7741935483871,886.6,1586.741935483871,1193.516129032258,847.4516129032259
2013-09-30,1065.3333333333333,893.7741935483871,472.9666666666666,243.51612903225808,243.8709677419355,264.6071428571428,326.4193548387097,312.2666666666667,663.7741935483871,886.6,1586.741935483871,1193.516129032258,732.3666666666667,746.2333333333333
2013-10-31,893.7741935483871,472.9666666666666,243.51612903225808,243.8709677419355,264.6071428571428,326.4193548387097,312.2666666666667,663.7741935483871,886.6,1586.741935483871,1193.516129032258,732.3666666666667,614.6451612903226,619.2258064516129
2013-11-30,472.9666666666666,243.51612903225808,243.8709677419355,264.6071428571428,326.4193548387097,312.2666666666667,663.7741935483871,886.6,1586.741935483871,1193.516129032258,732.3666666666667,614.6451612903226,357.9666666666666,716.3
2013-12-31,243.51612903225808,243.8709677419355,264.6071428571428,326.4193548387097,312.2666666666667,663.7741935483871,886.6,1586.741935483871,1193.516129032258,732.3666666666667,614.6451612903226,357.9666666666666,183.7096774193548,571.6774193548387
2014-01-31,243.8709677419355,264.6071428571428,326.4193548387097,312.2666666666667,663.7741935483871,886.6,1586.741935483871,1193.516129032258,732.3666666666667,614.6451612903226,357.9666666666666,183.7096774193548,153.5161290322581,597.5806451612904
2014-02-28,264.6071428571428,326.4193548387097,312.2666666666667,663.7741935483871,886.6,1586.741935483871,1193.516129032258,732.3666666666667,614.6451612903226,357.9666666666666,183.7096774193548,153.5161290322581,154.5357142857143,501.9285714285714
2014-03-31,326.4193548387097,312.2666666666667,663.7741935483871,886.6,1586.741935483871,1193.516129032258,732.3666666666667,614.6451612903226,357.9666666666666,183.7096774193548,153.5161290322581,154.5357142857143,217.6451612903226,561.1290322580645
2014-04-30,312.2666666666667,663.7741935483871,886.6,1586.741935483871,1193.516129032258,732.3666666666667,614.6451612903226,357.9666666666666,183.7096774193548,153.5161290322581,154.5357142857143,217.6451612903226,339.8333333333333,497.95333334604896
2014-05-31,663.7741935483871,886.6,1586.741935483871,1193.516129032258,732.3666666666667,614.6451612903226,357.9666666666666,183.7096774193548,153.5161290322581,154.5357142857143,217.6451612903226,339.8333333333333,431.7419355,677.6129032258065
2014-06-30,886.6,1586.741935483871,1193.516129032258,732.3666666666667,614.6451612903226,357.9666666666666,183.7096774193548,153.5161290322581,154.5357142857143,217.6451612903226,339.8333333333333,431.7419355,954.8,722.2
2014-07-31,1586.741935483871,1193.516129032258,732.3666666666667,614.6451612903226,357.9666666666666,183.7096774193548,153.5161290322581,154.5357142857143,217.6451612903226,339.8333333333333,431.7419355,954.8,955.3548387096774,817.5483870967741
2014-08-31,1193.516129032258,732.3666666666667,614.6451612903226,357.9666666666666,183.7096774193548,153.5161290322581,154.5357142857143,217.6451612903226,339.8333333333333,431.7419355,954.8,955.3548387096774,1046.387096774194,840.483871
2014-09-30,732.3666666666667,614.6451612903226,357.9666666666666,183.7096774193548,153.5161290322581,154.5357142857143,217.6451612903226,339.8333333333333,431.7419355,954.8,955.3548387096774,1046.387096774194,1471.4,828.6666666666666
2014-10-31,614.6451612903226,357.9666666666666,183.7096774193548,153.5161290322581,154.5357142857143,217.6451612903226,339.8333333333333,431.7419355,954.8,955.3548387096774,1046.387096774194,1471.4,1016.709677419355,645.2258064516129
2014-11-30,357.9666666666666,183.7096774193548,153.5161290322581,154.5357142857143,217.6451612903226,339.8333333333333,431.7419355,954.8,955.3548387096774,1046.387096774194,1471.4,1016.709677419355,446.7666666666667,698.6
2014-12-31,183.7096774193548,153.5161290322581,154.5357142857143,217.6451612903226,339.8333333333333,431.7419355,954.8,955.3548387096774,1046.387096774194,1471.4,1016.709677419355,446.7666666666667,267.1935483870968,562.0
2015-01-31,153.5161290322581,154.5357142857143,217.6451612903226,339.8333333333333,431.7419355,954.8,955.3548387096774,1046.387096774194,1471.4,1016.709677419355,446.7666666666667,267.1935483870968,224.5806451612903,510.7419355
2015-02-28,154.5357142857143,217.6451612903226,339.8333333333333,431.7419355,954.8,955.3548387096774,1046.387096774194,1471.4,1016.709677419355,446.7666666666667,267.1935483870968,224.5806451612903,210.25,490.6785714285714
2015-03-31,217.6451612903226,339.8333333333333,431.7419355,954.8,955.3548387096774,1046.387096774194,1471.4,1016.709677419355,446.7666666666667,267.1935483870968,224.5806451612903,210.25,253.9032258064516,625.5483870967741
2015-04-30,339.8333333333333,431.7419355,954.8,955.3548387096774,1046.387096774194,1471.4,1016.709677419355,446.7666666666667,267.1935483870968,224.5806451612903,210.25,253.9032258064516,286.2,597.6666666666666
2015-05-31,431.7419355,954.8,955.3548387096774,1046.387096774194,1471.4,1016.709677419355,446.7666666666667,267.1935483870968,224.5806451612903,210.25,253.9032258064516,286.2,336.483871,638.7741935483871
2015-06-30,954.8,955.3548387096774,1046.387096774194,1471.4,1016.709677419355,446.7666666666667,267.1935483870968,224.5806451612903,210.25,253.9032258064516,286.2,336.483871,764.8333333333334,606.7829999999999
2015-07-31,955.3548387096774,1046.387096774194,1471.4,1016.709677419355,446.7666666666667,267.1935483870968,224.5806451612903,210.25,253.9032258064516,286.2,336.483871,764.8333333333334,1273.419355,807.6451612903226
2015-08-31,1046.387096774194,1471.4,1016.709677419355,446.7666666666667,267.1935483870968,224.5806451612903,210.25,253.9032258064516,286.2,336.483871,764.8333333333334,1273.419355,479.1290322580645,746.8387096774194
2015-09-30,1471.4,1016.709677419355,446.7666666666667,267.1935483870968,224.5806451612903,210.25,253.9032258064516,286.2,336.483871,764.8333333333334,1273.419355,479.1290322580645,663.3666666666667,637.1666666666666
2015-10-31,1016.709677419355,446.7666666666667,267.1935483870968,224.5806451612903,210.25,253.9032258064516,286.2,336.483871,764.8333333333334,1273.419355,479.1290322580645,663.3666666666667,700.3225806451613,584.9677419354839
2015-11-30,446.7666666666667,267.1935483870968,224.5806451612903,210.25,253.9032258064516,286.2,336.483871,764.8333333333334,1273.419355,479.1290322580645,663.3666666666667,700.3225806451613,350.0,574.1333333333333
2015-12-31,267.1935483870968,224.5806451612903,210.25,253.9032258064516,286.2,336.483871,764.8333333333334,1273.419355,479.1290322580645,663.3666666666667,700.3225806451613,350.0,205.7096774193548,476.8387096774193
2016-01-31,224.5806451612903,210.25,253.9032258064516,286.2,336.483871,764.8333333333334,1273.419355,479.1290322580645,663.3666666666667,700.3225806451613,350.0,205.7096774193548,137.9032258064516,468.3225806451613
2016-02-29,210.25,253.9032258064516,286.2,336.483871,764.8333333333334,1273.419355,479.1290322580645,663.3666666666667,700.3225806451613,350.0,205.7096774193548,137.9032258064516,140.1379310344828,452.6551724137931
2016-03-31,253.9032258064516,286.2,336.483871,764.8333333333334,1273.419355,479.1290322580645,663.3666666666667,700.3225806451613,350.0,205.7096774193548,137.9032258064516,140.1379310344828,197.8387096774194,513.483871
2016-04-30,286.2,336.483871,764.8333333333334,1273.419355,479.1290322580645,663.3666666666667,700.3225806451613,350.0,205.7096774193548,137.9032258064516,140.1379310344828,197.8387096774194,308.6,470.53333333333336
2016-05-31,336.483871,764.8333333333334,1273.419355,479.1290322580645,663.3666666666667,700.3225806451613,350.0,205.7096774193548,137.9032258064516,140.1379310344828,197.8387096774194,308.6,477.4193548387097,565.483871
2016-06-30,764.8333333333334,1273.419355,479.1290322580645,663.3666666666667,700.3225806451613,350.0,205.7096774193548,137.9032258064516,140.1379310344828,197.8387096774194,308.6,477.4193548387097,620.5666666666667,552.5666666666667
2016-07-31,1273.419355,479.1290322580645,663.3666666666667,700.3225806451613,350.0,205.7096774193548,137.9032258064516,140.1379310344828,197.8387096774194,308.6,477.4193548387097,620.5666666666667,707.516129,704.8064516129032
2016-08-31,479.1290322580645,663.3666666666667,700.3225806451613,350.0,205.7096774193548,137.9032258064516,140.1379310344828,197.8387096774194,308.6,477.4193548387097,620.5666666666667,707.516129,548.3225806451613,510.483871
2016-09-30,663.3666666666667,700.3225806451613,350.0,205.7096774193548,137.9032258064516,140.1379310344828,197.8387096774194,308.6,477.4193548387097,620.5666666666667,707.516129,548.3225806451613,641.4,406.9333333333333
2016-10-31,700.3225806451613,350.0,205.7096774193548,137.9032258064516,140.1379310344828,197.8387096774194,308.6,477.4193548387097,620.5666666666667,707.516129,548.3225806451613,641.4,768.6774193548387,427.0967741935484
2016-11-30,350.0,205.7096774193548,137.9032258064516,140.1379310344828,197.8387096774194,308.6,477.4193548387097,620.5666666666667,707.516129,548.3225806451613,641.4,768.6774193548387,395.1,372.3333333333333
2016-12-31,205.7096774193548,137.9032258064516,140.1379310344828,197.8387096774194,308.6,477.4193548387097,620.5666666666667,707.516129,548.3225806451613,641.4,768.6774193548387,395.1,223.1612903225806,323.61290322580646
2017-01-31,137.9032258064516,140.1379310344828,197.8387096774194,308.6,477.4193548387097,620.5666666666667,707.516129,548.3225806451613,641.4,768.6774193548387,395.1,223.1612903225806,150.7096774193548,332.1290322580645
2017-02-28,140.1379310344828,197.8387096774194,308.6,477.4193548387097,620.5666666666667,707.516129,548.3225806451613,641.4,768.6774193548387,395.1,223.1612903225806,150.7096774193548,163.1071428571429,416.3571428571428
2017-03-31,197.8387096774194,308.6,477.4193548387097,620.5666666666667,707.516129,548.3225806451613,641.4,768.6774193548387,395.1,223.1612903225806,150.7096774193548,163.1071428571429,198.1612903225806,448.4193548387097
2017-04-30,308.6,477.4193548387097,620.5666666666667,707.516129,548.3225806451613,641.4,768.6774193548387,395.1,223.1612903225806,150.7096774193548,163.1071428571429,198.1612903225806,306.8333333333333,483.5
2017-05-31,477.4193548387097,620.5666666666667,707.516129,548.3225806451613,641.4,768.6774193548387,395.1,223.1612903225806,150.7096774193548,163.1071428571429,198.1612903225806,306.8333333333333,397.2258064516129,529.5483870967741
2017-06-30,620.5666666666667,707.516129,548.3225806451613,641.4,768.6774193548387,395.1,223.1612903225806,150.7096774193548,163.1071428571429,198.1612903225806,306.8333333333333,397.2258064516129,932.8,557.1
2017-07-31,707.516129,548.3225806451613,641.4,768.6774193548387,395.1,223.1612903225806,150.7096774193548,163.1071428571429,198.1612903225806,306.8333333333333,397.2258064516129,932.8,604.516129,639.7741935483871
2017-08-31,548.3225806451613,641.4,768.6774193548387,395.1,223.1612903225806,150.7096774193548,163.1071428571429,198.1612903225806,306.8333333333333,397.2258064516129,932.8,604.516129,583.3225806451613,578.0967741935484
2017-09-30,641.4,768.6774193548387,395.1,223.1612903225806,150.7096774193548,163.1071428571429,198.1612903225806,306.8333333333333,397.2258064516129,932.8,604.516129,583.3225806451613,1195.666666666667,506.6333333333333
2017-10-31,768.6774193548387,395.1,223.1612903225806,150.7096774193548,163.1071428571429,198.1612903225806,306.8333333333333,397.2258064516129,932.8,604.516129,583.3225806451613,1195.666666666667,1538.709677419355,497.1612903225807
2017-11-30,395.1,223.1612903225806,150.7096774193548,163.1071428571429,198.1612903225806,306.8333333333333,397.2258064516129,932.8,604.516129,583.3225806451613,1195.666666666667,1538.709677419355,680.3333333333334,487.9
2017-12-31,223.1612903225806,150.7096774193548,163.1071428571429,198.1612903225806,306.8333333333333,397.2258064516129,932.8,604.516129,583.3225806451613,1195.666666666667,1538.709677419355,680.3333333333334,313.0967741935484,514.3548387096774
2018-01-31,150.7096774193548,163.1071428571429,198.1612903225806,306.8333333333333,397.2258064516129,932.8,604.516129,583.3225806451613,1195.666666666667,1538.709677419355,680.3333333333334,313.0967741935484,188.0,471.8387096774193
2018-02-28,163.1071428571429,198.1612903225806,306.8333333333333,397.2258064516129,932.8,604.516129,583.3225806451613,1195.666666666667,1538.709677419355,680.3333333333334,313.0967741935484,188.0,177.1071428571429,426.75
2018-03-31,198.1612903225806,306.8333333333333,397.2258064516129,932.8,604.516129,583.3225806451613,1195.666666666667,1538.709677419355,680.3333333333334,313.0967741935484,188.0,177.1071428571429,221.5483870967742,481.8064516129032
2018-04-30,306.8333333333333,397.2258064516129,932.8,604.516129,583.3225806451613,1195.666666666667,1538.709677419355,680.3333333333334,313.0967741935484,188.0,177.1071428571429,221.5483870967742,413.3333333333333,670.4666666666667
2018-05-31,397.2258064516129,932.8,604.516129,583.3225806451613,1195.666666666667,1538.709677419355,680.3333333333334,313.0967741935484,188.0,177.1071428571429,221.5483870967742,413.3333333333333,831.0967741935484,884.1290322580645
2018-06-30,932.8,604.516129,583.3225806451613,1195.666666666667,1538.709677419355,680.3333333333334,313.0967741935484,188.0,177.1071428571429,221.5483870967742,413.3333333333333,831.0967741935484,1062.833333333333,1016.3
2018-07-31,604.516129,583.3225806451613,1195.666666666667,1538.709677419355,680.3333333333334,313.0967741935484,188.0,177.1071428571429,221.5483870967742,413.3333333333333,831.0967741935484,1062.833333333333,2295.483870967742,1247.9354838709678
2018-08-31,583.3225806451613,1195.666666666667,1538.709677419355,680.3333333333334,313.0967741935484,188.0,177.1071428571429,221.5483870967742,413.3333333333333,831.0967741935484,1062.833333333333,2295.483870967742,1298.387096774194,1214.9032258064517
2018-09-30,1195.666666666667,1538.709677419355,680.3333333333334,313.0967741935484,188.0,177.1071428571429,221.5483870967742,413.3333333333333,831.0967741935484,1062.833333333333,2295.483870967742,1298.387096774194,2098.333333333333,1999.0666666666664
2018-10-31,1538.709677419355,680.3333333333334,313.0967741935484,188.0,177.1071428571429,221.5483870967742,413.3333333333333,831.0967741935484,1062.833333333333,2295.483870967742,1298.387096774194,2098.333333333333,1399.193548387097,1327.225806451613
2018-11-30,680.3333333333334,313.0967741935484,188.0,177.1071428571429,221.5483870967742,413.3333333333333,831.0967741935484,1062.833333333333,2295.483870967742,1298.387096774194,2098.333333333333,1399.193548387097,692.7666666666667,735.7
2018-12-31,313.0967741935484,188.0,177.1071428571429,221.5483870967742,413.3333333333333,831.0967741935484,1062.833333333333,2295.483870967742,1298.387096774194,2098.333333333333,1399.193548387097,692.7666666666667,345.8064516129032,668.8064516129032
2019-01-31,188.0,177.1071428571429,221.5483870967742,413.3333333333333,831.0967741935484,1062.833333333333,2295.483870967742,1298.387096774194,2098.333333333333,1399.193548387097,692.7666666666667,345.8064516129032,264.1290322580645,471.8387096774193
2019-02-28,177.1071428571429,221.5483870967742,413.3333333333333,831.0967741935484,1062.833333333333,2295.483870967742,1298.387096774194,2098.333333333333,1399.193548387097,692.7666666666667,345.8064516129032,264.1290322580645,270.17857142857144,426.75
2019-03-31,221.5483870967742,413.3333333333333,831.0967741935484,1062.833333333333,2295.483870967742,1298.387096774194,2098.333333333333,1399.193548387097,692.7666666666667,345.8064516129032,264.1290322580645,270.17857142857144,298.1290322580645,481.8064516129032
2019-04-30,413.3333333333333,831.0967741935484,1062.833333333333,2295.483870967742,1298.387096774194,2098.333333333333,1399.193548387097,692.7666666666667,345.8064516129032,264.1290322580645,270.17857142857144,298.1290322580645,564.5333333333333,670.4666666666667
2019-05-31,831.0967741935484,1062.833333333333,2295.483870967742,1298.387096774194,2098.333333333333,1399.193548387097,692.7666666666667,345.8064516129032,264.1290322580645,270.17857142857144,298.1290322580645,564.5333333333333,825.0,884.1290322580645
2019-06-30,1062.833333333333,2295.483870967742,1298.387096774194,2098.333333333333,1399.193548387097,692.7666666666667,345.8064516129032,264.1290322580645,270.17857142857144,298.1290322580645,564.5333333333333,825.0,1689.1333333333334,1016.3
2019-07-31,2295.483870967742,1298.387096774194,2098.333333333333,1399.193548387097,692.7666666666667,345.8064516129032,264.1290322580645,270.17857142857144,298.1290322580645,564.5333333333333,825.0,1689.1333333333334,2184.8387096774195,1247.9354838709678
2019-08-31,1298.387096774194,2098.333333333333,1399.193548387097,692.7666666666667,345.8064516129032,264.1290322580645,270.17857142857144,298.1290322580645,564.5333333333333,825.0,1689.1333333333334,2184.8387096774195,1497.0967741935483,1214.9032258064517
2019-09-30,2098.333333333333,1399.193548387097,692.7666666666667,345.8064516129032,264.1290322580645,270.17857142857144,298.1290322580645,564.5333333333333,825.0,1689.1333333333334,2184.8387096774195,1497.0967741935483,1759.6666666666667,1999.0666666666664
2019-10-31,1399.193548387097,692.7666666666667,345.8064516129032,264.1290322580645,270.17857142857144,298.1290322580645,564.5333333333333,825.0,1689.1333333333334,2184.8387096774195,1497.0967741935483,1759.6666666666667,1367.3870967741937,1327.225806451613
2019-11-30,692.7666666666667,345.8064516129032,264.1290322580645,270.17857142857144,298.1290322580645,564.5333333333333,825.0,1689.1333333333334,2184.8387096774195,1497.0967741935483,1759.6666666666667,1367.3870967741937,721.1666666666666,735.7
2019-12-31,345.8064516129032,264.1290322580645,270.17857142857144,298.1290322580645,564.5333333333333,825.0,1689.1333333333334,2184.8387096774195,1497.0967741935483,1759.6666666666667,1367.3870967741937,721.1666666666666,324.5483870967742,668.8064516129032
